feature_id,Aboriginal English,Acrolectal Fiji English,Appalachian English,Australian English,Australian Vernacular English,Bahamian English,Black South African English,Cameroon English,Cape Flats English,Channel Islands English,Chicano English,Colloquial American English,Colloquial Singapore English (Singlish),Earlier African American Vernacular English,East Anglian English,English dialects in the North of England,English dialects in the Southeast of England,English dialects in the Southwest of England,Falkland Islands English,Ghanaian English,Hong Kong English,Indian English,Indian South African English,Irish English,Jamaican English,Kenyan English,Liberian Settler English,Malaysian English,Maltese English,Manx English,New Zealand English,Newfoundland English,Nigerian English,Orkney and Shetland English,Ozark English,Pakistani English,Philippine English,Pure Fiji English (basilectal FijiE),Rural African American Vernacular English,Scottish English,Southeast American enclave dialects,Sri Lankan English,St. Helena English,Tanzanian English,Tristan da Cunha English,Ugandan English,Urban African American Vernacular English,Welsh English,White South African English,White Zimbabwean English
0,0.0,0.0,0.0,0.0,0.0,0.0,0.0,0.0,0.0,0.0,0.0,0.0,0.0,0.0,0.0,0.0,0.0,0.0,0.0,0.0,0.0,0.0,0.0,0.0,0.0,0.0,0.0,0.0,0.0,0.0,0.0,0.0,0.0,0.0,0.0,0.0,0.0,0.0,0.0,0.0,0.0,0.0,0.0,0.0,0.0,0.0,0.0,0.0,0.0,0.0
1,0.6,0.0,0.0,0.3,0.6,0.6,0.3,0.0,0.3,0.3,0.0,0.3,0.0,0.0,0.3,0.3,0.0,0.3,0.6,0.0,0.0,0.0,0.0,0.6,0.0,0.3,0.0,0.0,0.3,0.3,0.6,1.0,0.0,0.6,0.6,0.0,0.3,0.6,0.3,0.6,0.6,0.0,0.3,0.0,0.6,0.0,0.3,0.6,0.3,0.0
2,0.6,0.0,0.0,0.0,0.6,0.0,0.3,0.0,0.0,0.3,0.0,0.0,0.0,0.3,0.0,0.3,0.0,0.6,0.0,0.0,0.0,0.0,0.0,0.0,0.0,0.0,0.0,0.0,0.0,0.0,0.0,0.6,0.0,0.6,0.3,0.0,0.0,0.6,0.0,0.0,0.3,0.0,0.0,0.0,0.0,0.0,0.0,0.6,0.0,0.0
3,1.0,0.0,0.0,0.6,0.6,0.6,0.3,0.6,0.3,0.0,0.0,0.0,0.6,0.3,0.0,0.0,0.0,0.0,0.0,0.6,0.0,0.0,0.6,1.0,0.0,0.0,0.6,1.0,0.3,0.6,0.6,0.0,0.0,0.0,1.0,0.3,0.6,1.0,0.0,0.0,0.6,0.0,0.0,0.0,0.0,0.0,0.6,0.6,0.6,0.6
4,1.0,0.0,0.0,0.0,0.0,0.6,0.0,0.0,0.0,0.0,0.0,0.0,0.0,0.0,1.0,0.0,0.0,0.0,0.0,0.0,0.0,0.6,0.0,0.0,0.0,0.0,0.3,0.0,0.0,0.0,0.3,0.0,0.0,0.6,0.0,0.0,0.0,0.0,0.3,0.0,0.3,0.0,0.6,0.0,0.3,0.0,0.3,0.0,0.0,0.0
5,1.0,0.0,0.0,0.0,0.0,0.3,0.0,0.0,0.0,0.0,0.0,0.0,0.0,0.0,0.0,0.0,0.0,0.0,0.0,0.3,0.0,0.0,0.0,0.0,0.3,0.0,0.0,0.0,0.0,0.0,0.0,0.0,0.0,0.0,0.0,0.0,0.0,1.0,0.0,0.0,0.3,0.0,0.0,0.0,0.0,0.0,0.3,0.0,0.0,0.0
6,1.0,0.0,0.0,0.0,0.0,0.0,0.3,0.0,0.0,0.0,0.0,0.0,0.0,0.0,0.0,0.0,0.0,0.0,0.0,0.3,0.0,0.0,0.0,0.0,0.3,0.0,0.0,0.0,0.0,0.0,0.0,0.3,0.0,0.0,0.0,0.0,0.0,1.0,0.0,0.0,0.0,0.0,0.0,0.0,0.0,0.0,0.0,0.0,0.0,0.0
7,1.0,0.0,1.0,0.6,1.0,1.0,1.0,1.0,1.0,0.6,0.6,0.6,0.6,1.0,1.0,1.0,1.0,0.6,0.6,0.3,1.0,0.3,1.0,0.6,0.6,1.0,0.6,1.0,0.6,0.6,1.0,1.0,1.0,0.6,1.0,0.6,0.6,1.0,1.0,1.0,1.0,0.6,1.0,0.6,0.6,0.6,1.0,1.0,0.6,0.6
8,0.0,0.0,0.3,0.3,0.3,0.6,0.6,1.0,0.6,0.6,0.0,0.6,0.0,0.3,0.3,0.3,0.3,0.3,0.3,0.3,0.6,0.3,0.6,1.0,0.0,1.0,0.6,1.0,0.6,0.6,1.0,1.0,1.0,0.6,0.3,0.3,0.3,1.0,0.6,0.6,0.3,0.0,1.0,0.6,0.6,0.6,0.6,0.6,1.0,0.6
9,0.0,0.0,1.0,0.3,0.3,0.6,0.3,1.0,1.0,0.0,0.6,0.6,0.0,1.0,0.0,0.3,0.0,0.0,0.0,0.0,1.0,0.0,0.0,0.6,0.0,0.0,0.0,0.0,0.6,0.0,0.3,0.3,0.0,0.0,1.0,0.0,0.0,0.6,0.6,0.0,1.0,0.0,1.0,0.0,0.3,0.0,0.6,0.0,0.3,0.3
10,1.0,0.0,0.0,0.0,0.0,0.0,0.6,0.3,0.0,0.0,0.0,0.0,0.0,0.3,0.0,0.0,0.0,0.0,0.0,0.3,1.0,0.3,0.0,0.0,0.0,0.0,0.0,0.6,0.0,0.0,0.0,0.0,0.0,0.0,0.0,0.0,0.6,1.0,0.3,0.0,0.0,0.0,0.0,0.0,0.0,0.0,0.3,0.0,0.0,0.0
11,1.0,0.0,0.6,0.0,0.3,0.6,0.3,0.6,0.0,0.0,0.0,0.6,0.0,0.6,1.0,1.0,0.6,0.6,0.3,0.3,0.0,0.0,0.0,0.6,0.0,0.0,0.6,0.0,0.0,0.3,0.0,0.6,0.3,0.0,0.6,0.0,0.0,0.0,1.0,0.6,1.0,0.0,0.6,0.0,0.6,0.0,1.0,0.3,0.0,0.0
12,0.6,0.0,0.0,0.6,1.0,0.6,0.0,0.0,0.0,0.0,0.0,0.0,0.0,0.0,1.0,1.0,0.6,1.0,0.3,0.0,0.0,0.0,0.0,1.0,0.0,0.0,0.0,0.0,0.0,1.0,0.6,0.0,0.0,0.6,0.0,0.0,0.0,0.0,0.3,0.0,0.3,0.0,0.6,0.0,0.3,0.0,0.0,0.6,0.0,0.0
13,1.0,0.0,0.0,0.0,0.0,0.6,0.0,0.3,0.0,0.0,0.0,0.0,0.0,1.0,0.0,0.0,0.0,0.3,0.0,0.0,0.0,0.0,0.0,0.0,0.0,0.0,0.6,0.0,0.0,0.0,0.0,0.3,0.0,0.0,0.0,0.0,0.0,0.0,0.6,0.0,0.3,0.0,0.6,0.0,0.6,0.0,0.6,0.3,0.0,0.3
14,1.0,0.0,0.3,0.6,0.0,0.6,0.6,0.3,0.6,0.0,0.0,0.0,1.0,0.6,0.0,0.0,0.6,0.6,0.3,0.0,1.0,0.6,1.0,0.3,0.0,0.0,0.6,1.0,0.0,0.3,0.6,0.0,0.3,0.0,0.3,0.3,0.3,0.0,0.3,0.0,0.3,0.0,0.0,0.0,0.0,0.3,0.6,0.3,0.6,0.0
15,0.0,0.0,0.0,0.0,0.0,0.0,0.0,0.0,0.0,0.0,0.0,0.0,0.0,0.0,0.0,0.0,0.0,0.0,0.0,0.0,0.0,0.3,0.0,1.0,0.0,0.3,0.0,0.0,0.0,1.0,0.3,0.6,0.0,0.3,0.0,0.0,0.0,0.0,0.3,0.3,0.0,0.0,0.3,0.0,0.0,0.0,0.0,0.3,0.0,0.0
16,0.0,0.0,0.3,0.0,0.0,0.6,0.3,0.6,0.3,0.0,0.3,0.0,0.6,0.3,0.0,0.0,0.0,0.0,0.0,0.3,0.0,0.0,0.3,0.6,0.0,0.0,0.6,1.0,0.0,0.3,0.0,0.3,0.3,0.0,0.6,0.6,0.0,0.0,0.3,0.0,0.3,0.0,1.0,0.3,0.6,0.3,0.3,0.0,0.3,0.3
17,0.0,0.0,0.0,0.0,0.0,0.0,0.0,0.0,0.0,0.0,0.0,0.0,0.0,0.0,0.0,0.0,0.0,0.0,0.0,0.0,0.0,0.0,0.0,0.0,0.3,0.0,0.0,0.0,0.0,0.0,0.0,0.0,0.0,0.0,0.0,0.0,0.0,0.0,0.0,0.0,0.0,0.0,0.0,0.0,0.0,0.0,0.0,0.0,0.0,0.0
18,0.0,0.0,0.0,0.0,0.0,0.0,0.0,0.0,0.0,0.0,0.0,0.0,0.0,0.0,0.0,0.0,0.0,0.0,0.0,0.0,0.0,0.0,0.0,0.0,0.3,0.0,0.0,0.0,0.0,0.0,0.0,0.0,0.0,0.0,0.0,0.0,0.0,0.0,0.0,0.0,0.0,0.0,0.0,0.0,0.0,0.0,0.0,0.0,0.0,0.0
19,0.0,0.0,0.0,0.0,0.0,0.0,0.0,0.0,0.0,0.0,0.0,0.0,0.0,0.0,0.0,0.6,0.0,0.0,0.0,0.0,0.0,0.0,0.0,0.0,0.3,0.0,0.3,0.0,0.0,0.0,0.0,0.0,0.0,0.0,0.0,0.0,0.0,1.0,0.3,0.0,0.0,0.0,0.0,0.0,0.0,0.0,0.0,0.0,0.0,0.0
20,0.3,0.0,0.0,0.0,0.0,0.0,0.0,0.0,0.0,0.0,0.0,0.0,0.0,0.6,0.0,0.3,0.0,0.0,0.0,0.0,0.0,0.0,0.0,0.0,0.0,0.0,0.0,0.0,0.0,0.0,0.0,0.0,0.0,0.0,0.0,0.0,0.0,0.0,0.0,0.0,0.0,0.0,0.3,0.0,0.0,0.0,0.3,0.0,0.0,0.0
21,0.6,0.0,0.0,0.0,0.0,0.3,0.0,0.0,0.0,0.0,0.0,0.0,0.0,0.6,0.0,0.0,0.0,0.0,0.0,0.0,0.0,0.0,0.0,0.0,0.0,0.3,0.6,0.0,0.0,0.0,0.0,0.0,0.0,0.0,0.0,0.0,0.0,1.0,1.0,0.0,0.3,0.0,1.0,0.0,1.0,0.0,0.3,0.3,0.0,0.3
22,0.0,0.0,0.0,0.0,0.0,0.3,0.0,0.0,0.0,0.0,0.0,0.0,0.0,0.3,0.0,0.0,0.0,0.0,0.0,0.0,0.0,0.0,0.0,0.0,0.3,0.0,0.6,0.0,0.0,0.0,0.0,0.0,0.0,0.0,0.0,0.0,0.0,0.0,0.0,0.0,0.0,0.0,1.0,0.0,1.0,0.0,0.3,0.0,0.0,0.0
23,0.0,0.0,0.0,0.0,0.0,0.0,0.0,0.0,0.0,0.0,0.0,0.0,0.0,0.0,0.0,0.0,0.0,0.0,0.0,0.0,0.0,0.0,1.0,0.0,0.3,0.0,1.0,0.0,0.0,0.0,0.0,0.3,0.0,0.0,0.0,0.0,0.0,1.0,0.0,0.0,0.0,0.6,1.0,0.0,0.0,0.0,0.0,0.0,0.0,0.0
24,0.6,0.0,0.0,0.0,0.0,0.3,0.0,0.0,0.0,0.0,0.0,0.0,0.0,0.3,0.0,0.3,0.0,0.0,0.0,0.0,0.0,0.0,0.0,0.0,0.3,0.0,0.0,0.0,0.0,0.0,0.0,0.0,0.0,0.0,0.0,0.0,0.0,0.6,0.3,0.0,0.0,0.0,0.3,0.0,0.3,0.0,0.0,0.0,0.0,0.0
25,0.3,0.0,0.0,0.0,0.0,0.3,0.0,0.0,0.0,0.0,0.0,0.0,0.0,0.0,0.0,0.0,0.0,0.0,0.0,0.0,0.0,0.0,0.0,0.0,0.3,0.0,0.0,0.0,0.0,0.0,0.0,0.0,0.0,0.0,0.0,0.0,0.0,1.0,0.6,0.0,0.6,0.0,0.0,0.0,0.0,0.0,0.3,0.0,0.0,0.0
26,1.0,0.0,0.0,0.6,1.0,0.3,0.0,0.0,0.0,0.3,0.0,0.0,0.0,0.3,1.0,1.0,1.0,1.0,0.3,0.0,0.0,0.0,0.0,1.0,0.0,0.0,0.0,0.0,0.0,1.0,0.6,0.0,0.0,0.6,0.0,0.0,0.0,0.0,0.3,0.0,0.3,0.0,0.6,0.0,0.3,0.0,0.0,1.0,0.0,0.0
27,0.0,0.0,0.0,0.0,0.0,0.0,0.0,0.0,0.0,0.0,0.0,0.0,0.0,0.3,0.0,0.6,0.0,0.0,0.0,0.0,0.0,0.0,0.0,0.0,0.0,0.0,0.0,0.0,0.0,0.0,0.0,0.0,0.0,0.0,0.0,0.0,0.0,1.0,0.3,0.0,0.0,0.0,0.0,0.0,0.0,0.0,0.3,0.3,0.0,0.0
28,1.0,0.0,1.0,0.6,1.0,1.0,0.6,0.0,0.3,0.6,0.0,0.6,0.0,0.6,1.0,0.6,1.0,0.6,1.0,0.0,0.0,0.0,0.0,0.6,0.0,0.6,0.0,0.0,0.6,1.0,1.0,1.0,0.0,0.0,0.6,0.0,0.3,1.0,0.6,0.6,1.0,0.6,1.0,0.0,0.6,0.0,0.6,1.0,0.6,0.6
29,1.0,0.0,0.3,0.6,0.6,0.3,0.0,0.0,0.0,0.0,0.0,0.0,0.0,0.0,1.0,1.0,0.6,0.0,0.6,0.0,0.0,0.0,0.0,0.6,0.0,0.0,0.0,0.0,0.0,1.0,0.0,0.6,0.0,0.0,0.3,0.0,0.0,0.0,0.3,0.0,0.0,0.0,0.6,0.0,0.6,0.3,0.0,1.0,0.6,0.6
30,0.0,0.0,0.0,0.0,0.0,0.0,0.0,0.0,0.0,0.0,0.0,0.0,0.0,0.0,0.0,0.3,0.0,0.6,0.0,0.0,0.0,0.0,0.0,0.0,0.0,0.0,0.3,0.0,0.0,0.0,0.0,0.6,0.0,0.0,0.0,0.0,0.0,1.0,0.3,0.0,0.0,0.0,0.0,0.0,0.0,0.0,0.0,0.3,0.0,0.0
31,0.0,0.0,0.0,0.0,0.0,0.3,0.0,0.0,0.0,0.0,0.0,0.0,0.0,0.3,0.0,0.3,0.0,0.6,0.0,0.0,0.0,0.0,0.0,0.0,0.0,0.0,0.0,0.0,0.0,0.0,0.0,0.3,0.0,0.0,0.0,0.0,0.0,1.0,0.0,0.0,0.0,0.0,1.0,0.0,0.0,0.0,0.0,0.3,0.0,0.0
32,0.0,0.0,0.0,0.0,0.0,0.0,0.0,0.0,0.0,0.0,0.0,0.0,0.0,0.0,1.0,0.0,0.0,0.3,0.0,0.0,0.0,0.0,0.3,0.0,0.0,0.0,0.0,0.0,0.3,0.0,0.0,0.6,0.0,0.0,0.0,0.0,0.0,1.0,0.0,0.0,0.0,0.0,0.0,0.0,0.0,0.0,0.0,0.0,0.0,0.0
33,0.0,0.0,0.6,0.0,0.0,0.3,0.0,0.0,0.0,0.0,0.0,0.3,0.0,0.3,0.0,0.3,0.0,0.3,0.0,0.0,0.0,0.0,0.0,0.0,0.0,0.0,0.3,0.0,0.0,0.0,0.0,0.0,0.0,0.0,0.0,0.0,0.0,0.0,0.0,0.0,0.3,0.0,0.0,0.0,1.0,0.0,0.0,0.3,0.0,0.0
34,1.0,0.0,1.0,0.6,1.0,0.6,0.6,1.0,1.0,0.6,0.6,1.0,0.6,0.6,0.6,1.0,0.0,0.3,0.3,0.6,0.0,0.6,1.0,1.0,0.3,0.6,1.0,1.0,0.3,0.3,1.0,0.6,0.6,0.0,0.6,0.6,0.6,1.0,1.0,0.6,1.0,0.6,0.6,0.0,1.0,0.0,1.0,0.3,1.0,0.6
35,0.0,0.0,0.0,0.0,0.0,0.0,0.0,0.0,0.0,0.0,0.0,0.3,0.0,0.3,0.0,0.6,0.0,0.6,0.0,0.0,0.0,0.0,0.0,1.0,0.0,0.0,0.0,0.0,0.0,0.0,0.0,0.3,0.0,1.0,0.3,0.0,0.3,0.0,0.0,0.3,0.0,0.0,0.0,0.0,0.0,0.0,0.0,0.3,0.0,0.0
36,0.3,0.0,0.0,0.0,0.0,0.0,0.0,0.0,0.0,0.0,0.0,0.0,0.0,0.0,0.0,0.0,0.0,0.0,0.0,0.0,0.0,0.0,0.0,0.0,0.0,0.0,0.0,0.0,0.0,0.0,0.0,0.0,0.0,0.0,0.0,0.0,0.0,0.3,0.0,0.0,0.0,0.0,0.0,0.0,0.0,0.0,0.0,0.0,0.0,0.0
37,0.6,0.0,0.0,0.0,0.0,0.0,0.0,0.0,0.0,0.0,0.0,0.0,0.0,0.0,0.0,0.0,0.0,0.0,0.0,0.0,0.0,0.0,0.0,0.0,0.0,0.0,0.0,0.0,0.0,0.0,0.0,0.0,0.0,0.0,0.0,0.0,0.0,1.0,0.0,0.0,0.0,0.0,0.0,0.0,0.0,0.0,0.0,0.0,0.0,0.0
38,1.0,0.0,0.0,0.0,0.0,0.3,0.0,1.0,0.0,0.0,0.0,1.0,0.0,0.3,0.0,0.0,0.0,0.0,0.0,0.0,0.0,0.6,0.0,0.6,0.0,0.0,0.0,0.0,0.0,0.0,0.0,0.0,0.0,0.0,0.0,0.0,0.0,1.0,0.6,0.0,0.3,0.0,0.3,0.0,0.3,0.0,0.3,0.0,0.0,0.6
39,0.0,0.0,1.0,0.0,0.6,0.6,0.0,1.0,0.0,0.0,0.0,1.0,0.0,0.0,0.0,0.0,0.0,0.0,0.0,0.0,0.0,1.0,0.3,0.6,0.0,0.0,0.6,0.6,0.0,0.0,0.6,0.6,0.0,0.0,1.0,0.6,0.0,0.0,0.6,0.6,0.3,0.0,0.3,0.0,0.0,0.0,0.6,0.0,1.0,0.6
40,0.0,0.0,0.0,0.0,0.0,0.0,0.0,0.0,0.0,0.0,0.0,0.0,0.0,0.0,0.0,0.0,0.0,0.0,0.0,0.0,0.0,1.0,1.0,0.0,0.0,0.0,0.0,0.6,0.0,0.0,0.0,0.0,0.0,0.0,0.0,0.0,0.0,0.0,0.0,0.0,0.0,0.6,0.0,0.0,0.0,0.0,0.0,0.0,0.0,0.0
41,0.0,0.6,0.0,0.0,0.0,0.3,0.6,0.6,0.6,0.0,0.0,0.0,0.0,0.0,0.0,0.0,0.0,0.0,0.0,0.3,1.0,0.6,1.0,0.0,0.0,0.3,0.3,1.0,0.0,0.3,0.0,0.0,0.3,0.0,0.6,0.3,0.6,0.0,0.3,0.0,0.0,0.0,0.0,0.0,0.0,0.3,0.3,0.0,0.0,0.0
42,0.6,0.0,0.0,0.0,0.0,0.3,0.3,0.0,0.6,0.0,0.0,0.0,1.0,0.0,0.0,0.0,0.0,0.0,0.0,0.3,1.0,1.0,0.3,0.0,0.0,1.0,0.0,1.0,1.0,0.0,0.0,0.0,0.0,0.0,0.0,0.6,0.6,1.0,0.0,0.0,0.0,0.6,0.6,0.0,0.0,0.0,0.0,0.0,0.6,0.0
43,0.6,0.0,0.0,0.0,0.0,0.6,0.0,0.0,0.3,0.3,0.3,0.0,1.0,0.3,0.0,0.3,0.0,0.0,0.0,0.0,1.0,1.0,0.6,0.6,0.0,0.0,0.0,1.0,1.0,0.0,0.0,0.6,0.0,0.0,0.0,0.6,0.3,0.6,0.0,0.6,0.0,0.6,0.0,0.0,0.6,0.3,0.3,0.0,0.6,0.0
44,0.6,0.0,0.0,0.0,0.6,0.3,0.0,0.0,0.0,0.0,0.0,0.0,1.0,0.0,0.0,0.0,0.0,0.0,0.0,0.0,0.0,1.0,0.3,0.3,0.0,0.0,0.3,1.0,0.6,0.0,0.0,0.0,0.0,0.0,0.0,0.3,0.3,0.3,0.3,0.0,0.3,0.6,0.3,0.0,0.3,0.0,0.0,0.0,0.0,0.0
45,0.0,0.6,0.0,0.0,0.0,0.0,1.0,0.6,0.0,0.0,0.0,0.0,0.3,0.0,0.0,0.0,0.0,0.0,0.0,0.3,1.0,1.0,0.3,0.6,0.0,0.6,0.3,1.0,0.6,0.0,0.0,0.6,0.3,0.0,0.0,0.6,1.0,0.6,0.3,0.6,0.6,0.3,0.3,1.0,0.0,0.6,0.3,0.0,0.6,1.0
46,0.0,0.0,0.0,0.0,0.0,0.3,0.3,0.0,0.0,0.0,0.0,0.0,0.6,0.0,0.0,0.0,0.0,0.0,0.0,0.0,0.0,0.6,0.0,0.0,0.3,0.0,0.0,0.0,0.6,0.0,0.0,0.0,0.3,0.0,0.0,0.0,0.3,0.6,0.3,0.0,0.3,0.0,1.0,0.3,0.3,0.3,0.3,0.0,0.0,0.0
47,0.0,0.0,0.0,0.0,0.0,0.0,0.3,0.0,0.0,0.0,0.0,0.0,0.6,0.0,0.0,0.0,0.0,0.0,0.0,0.0,1.0,0.6,0.0,0.0,0.0,0.0,0.0,0.6,0.3,0.0,0.0,0.0,0.3,0.0,0.0,0.0,0.0,0.6,0.0,0.0,0.3,0.0,0.6,0.3,0.3,0.3,0.0,0.0,0.0,0.0
48,1.0,0.6,0.6,0.0,0.0,0.6,0.6,0.6,0.0,0.0,0.0,0.6,0.6,0.6,0.0,0.3,0.0,0.0,0.0,0.0,1.0,1.0,1.0,0.0,0.3,0.6,0.3,1.0,0.3,0.3,0.0,0.0,0.6,0.0,0.6,0.0,0.3,0.6,1.0,0.0,1.0,0.0,0.0,0.6,0.0,0.3,1.0,0.3,0.3,0.0
49,1.0,0.6,0.0,0.0,0.0,0.3,0.6,0.6,0.0,0.0,0.0,0.3,1.0,0.0,0.0,0.6,0.0,0.0,0.0,0.6,1.0,1.0,1.0,0.0,0.0,0.3,0.6,0.0,0.6,0.0,1.0,0.6,0.6,0.0,0.0,0.0,0.3,1.0,0.6,1.0,1.0,0.0,0.6,0.6,0.6,0.0,1.0,0.6,0.3,0.0
50,1.0,0.0,0.0,0.0,0.0,0.6,0.0,0.0,0.0,0.0,0.0,0.0,0.0,0.0,0.0,0.0,0.0,0.0,0.0,0.0,0.0,0.0,0.0,0.0,0.0,0.0,0.0,0.0,0.0,0.0,0.0,0.0,0.0,0.0,0.0,0.0,0.0,0.0,0.0,0.0,0.0,0.0,0.3,0.0,0.0,0.0,0.0,0.0,0.0,0.0
51,0.3,0.0,0.0,0.0,0.0,0.3,0.3,0.0,0.0,0.0,0.0,0.0,0.0,0.3,0.0,0.0,0.0,0.0,0.0,0.0,0.0,0.0,0.0,0.0,0.3,0.0,0.3,0.0,0.0,0.0,0.0,0.0,0.0,0.0,0.0,0.0,0.0,1.0,0.6,0.0,0.0,0.0,0.6,0.0,0.3,0.0,0.0,0.0,0.0,0.0
52,1.0,0.3,0.3,0.0,1.0,0.6,0.6,0.3,1.0,0.0,0.0,0.6,0.0,0.0,0.0,0.0,0.3,0.0,0.0,0.0,0.6,0.0,1.0,0.0,0.3,0.0,0.6,0.0,0.0,0.6,0.6,0.6,0.0,0.0,1.0,0.0,0.3,0.0,0.6,0.6,0.6,0.6,0.6,0.0,0.6,0.3,1.0,0.3,1.0,1.0
53,1.0,0.0,0.0,0.0,0.0,0.3,0.0,0.0,0.0,0.0,0.0,0.0,0.0,0.0,0.0,0.0,0.0,0.0,0.0,0.0,0.0,0.0,0.3,0.0,0.0,0.0,0.0,0.6,0.6,0.0,0.0,0.0,0.0,0.0,0.0,0.0,0.3,1.0,0.3,0.0,0.0,0.0,1.0,0.0,0.3,0.0,0.3,0.0,0.0,0.0
54,0.0,0.0,0.0,0.0,0.6,0.6,0.6,0.0,0.6,0.0,0.0,0.6,0.6,0.0,0.6,0.0,0.0,0.0,0.3,0.0,0.0,1.0,1.0,0.6,0.0,0.0,0.6,1.0,0.0,0.3,0.6,0.6,0.0,0.0,0.6,0.0,0.3,0.6,0.6,0.0,0.6,0.0,0.0,0.0,0.3,0.0,0.6,0.6,0.3,0.6
55,1.0,0.6,0.3,0.3,0.0,0.6,1.0,1.0,0.0,0.0,0.0,0.0,0.6,0.0,0.0,0.0,0.0,0.0,0.0,0.6,1.0,1.0,1.0,0.0,0.6,1.0,0.6,1.0,0.6,0.0,0.0,0.0,1.0,0.0,0.0,0.3,0.6,1.0,0.6,0.0,0.6,0.6,0.3,0.6,0.0,0.6,0.6,0.0,0.0,0.6
56,0.0,0.0,0.6,0.3,0.0,1.0,0.3,0.0,0.0,0.6,0.3,0.6,0.0,0.0,1.0,0.6,0.6,0.6,0.6,0.0,0.0,0.6,0.3,0.6,0.0,0.0,0.0,1.0,0.3,0.0,0.6,0.6,0.0,0.6,0.6,0.0,0.0,0.6,0.6,0.0,1.0,0.0,1.0,0.0,0.3,0.0,0.3,0.6,0.0,0.0
57,0.6,0.6,0.0,0.0,0.0,0.0,0.0,0.3,0.0,0.0,0.0,0.0,1.0,0.0,0.0,0.0,0.0,0.0,0.0,0.3,1.0,0.3,0.0,0.0,0.3,0.0,0.6,0.6,0.0,0.0,0.0,0.0,0.0,0.0,0.0,0.0,0.3,0.6,0.6,0.0,0.0,0.0,0.6,0.0,0.3,0.0,0.3,0.0,0.0,0.0
58,0.6,0.6,0.0,0.0,0.0,0.0,0.0,0.3,0.0,0.0,0.0,0.0,1.0,0.6,0.0,0.0,0.0,0.0,0.0,0.3,1.0,0.3,0.0,0.0,0.3,0.0,0.6,0.6,0.0,0.0,0.0,0.0,0.0,0.0,0.0,0.0,0.3,0.6,0.3,0.0,0.0,0.0,0.6,0.0,0.3,0.0,0.3,0.0,0.0,0.0
59,0.0,0.0,0.0,0.0,0.0,0.0,0.6,1.0,0.0,0.0,0.0,0.0,0.0,0.3,0.0,0.0,0.3,0.0,0.0,0.6,0.6,1.0,0.0,0.0,0.0,0.3,0.0,0.0,0.3,0.0,0.3,0.0,1.0,0.0,0.0,0.0,0.0,0.0,0.6,0.0,0.3,0.0,0.0,0.6,0.0,0.0,0.0,0.0,0.0,0.0
60,0.0,0.6,0.0,0.0,0.0,0.3,0.6,0.0,0.0,0.0,0.0,0.3,0.0,0.0,0.0,1.0,0.0,0.6,0.0,0.0,1.0,1.0,0.0,1.0,0.3,0.0,0.0,0.0,0.6,1.0,1.0,0.6,0.0,1.0,1.0,0.6,0.6,1.0,0.0,0.6,0.3,0.0,0.6,0.6,0.3,0.6,0.0,0.6,0.0,0.3
61,0.0,0.6,0.0,0.0,0.0,0.0,0.3,0.0,0.0,0.0,0.0,0.0,0.0,0.0,0.0,0.0,0.0,0.3,0.0,0.0,0.0,0.3,0.0,0.0,0.3,0.3,0.0,0.0,0.0,0.0,0.0,0.0,0.0,0.0,0.0,0.6,0.6,1.0,0.3,0.0,0.3,0.0,0.3,0.6,0.0,0.6,0.0,0.0,0.0,0.0
62,1.0,0.3,0.0,0.0,0.0,0.3,0.3,1.0,0.6,0.0,0.0,0.0,1.0,0.0,0.0,0.6,0.0,0.3,0.6,0.6,1.0,1.0,0.6,0.0,0.6,1.0,0.3,1.0,0.6,0.0,0.0,0.0,1.0,0.0,0.0,0.6,0.6,1.0,0.3,0.0,0.3,0.6,0.6,0.0,0.0,0.0,0.0,0.3,0.0,0.3
63,1.0,0.3,0.0,0.0,0.0,0.3,0.3,0.3,0.6,0.0,0.0,0.0,1.0,0.0,0.0,0.6,0.0,0.3,0.0,0.3,1.0,1.0,0.6,0.0,0.6,0.6,0.3,0.6,0.6,0.0,0.0,0.0,0.0,0.0,0.0,0.6,0.6,1.0,0.0,0.0,0.0,0.6,0.6,0.0,0.3,0.0,0.0,0.3,0.0,0.0
64,0.3,0.6,0.0,0.0,0.0,0.6,0.3,0.3,0.0,0.6,0.0,0.0,0.0,0.0,0.0,0.6,0.0,0.3,0.0,0.6,1.0,1.0,0.0,1.0,0.6,0.3,0.0,0.6,0.6,1.0,0.0,0.3,0.0,0.6,0.0,0.6,0.6,1.0,0.0,0.0,0.3,0.0,0.0,0.3,0.3,0.6,0.0,0.0,0.0,0.0
65,0.3,0.0,0.0,0.0,0.0,0.0,0.6,0.0,0.0,0.0,0.0,0.0,0.0,0.0,0.0,0.3,0.0,0.3,0.0,0.0,0.0,0.0,0.3,0.0,0.3,0.0,0.0,0.0,0.6,0.0,0.0,0.0,0.0,0.0,0.0,0.6,0.6,0.0,0.0,0.0,0.0,0.0,0.0,0.0,0.0,0.0,0.0,0.0,0.0,0.0
66,0.6,0.6,0.0,0.0,0.0,0.0,0.3,0.6,0.0,0.0,0.0,0.6,0.6,0.3,0.0,0.0,0.0,0.0,0.0,0.3,0.6,0.6,1.0,0.3,0.3,0.0,0.3,0.0,0.0,0.0,0.0,0.0,0.0,0.0,0.0,0.3,0.3,1.0,0.3,0.0,0.3,0.0,0.6,0.3,0.6,0.0,0.3,0.0,0.0,0.3
67,1.0,0.0,0.0,0.0,0.0,0.0,0.6,0.0,0.0,0.0,0.0,0.0,0.3,0.3,0.0,0.0,0.0,0.0,0.0,0.0,1.0,0.6,0.3,0.0,0.3,0.0,0.0,0.0,0.3,0.0,0.0,0.0,0.0,0.0,0.0,0.0,0.3,1.0,0.3,0.0,0.3,0.0,1.0,0.0,0.3,0.0,0.6,0.0,0.0,0.3
68,1.0,0.0,0.6,0.6,1.0,0.6,0.0,0.0,0.0,0.6,0.0,0.6,0.0,1.0,1.0,1.0,1.0,0.6,0.3,0.0,0.0,0.0,0.6,1.0,0.3,0.0,0.6,0.0,0.0,1.0,0.6,0.6,0.0,0.0,1.0,0.0,0.0,1.0,1.0,0.6,1.0,0.0,1.0,0.0,0.6,0.0,1.0,1.0,0.0,0.6
69,0.0,0.0,0.6,0.0,0.0,0.0,0.0,0.0,0.0,0.0,0.0,0.0,0.0,0.0,0.0,0.3,0.0,0.0,0.0,0.0,0.0,0.0,0.0,0.3,0.0,0.0,0.0,0.0,0.0,0.6,0.0,0.0,0.0,1.0,0.0,0.0,0.0,0.0,0.3,0.6,0.6,0.0,0.6,0.0,0.3,0.0,0.0,0.0,0.0,0.0
70,1.0,0.0,0.6,0.6,0.0,0.6,0.0,0.0,0.0,0.0,0.6,0.6,0.0,0.6,0.6,0.3,0.3,0.3,0.0,0.0,0.0,0.0,0.0,0.6,0.3,0.0,0.0,0.0,0.0,0.6,0.0,0.3,0.0,0.0,1.0,0.0,0.0,0.6,1.0,0.0,1.0,0.0,0.3,0.3,0.3,0.0,0.6,0.6,0.0,0.0
71,0.3,0.0,0.0,0.0,0.0,0.0,0.6,0.3,1.0,0.0,0.0,0.0,0.0,0.3,0.0,0.0,0.0,0.0,0.0,0.6,1.0,0.6,1.0,0.0,0.0,0.6,0.0,1.0,0.6,0.0,0.0,0.0,0.6,1.0,0.0,0.0,0.6,0.3,0.3,0.6,0.0,0.0,0.3,0.0,0.3,0.3,0.0,0.0,0.6,0.0
72,0.0,0.0,0.0,0.0,0.3,0.3,0.3,0.0,0.0,0.0,0.0,0.6,0.0,0.0,1.0,0.6,0.0,0.0,0.3,0.0,0.6,0.6,0.6,0.6,0.0,0.0,0.6,0.0,0.0,0.3,0.6,0.3,0.0,0.0,0.6,0.0,0.0,0.0,0.3,0.6,0.3,0.0,0.0,0.0,0.0,0.0,0.3,0.6,0.6,0.0
73,0.0,0.0,0.0,0.0,0.0,0.0,0.0,0.0,0.0,0.0,0.0,0.0,0.0,0.0,0.0,0.0,0.0,0.0,0.0,0.0,0.0,0.6,0.0,0.0,0.0,0.0,0.0,0.0,0.0,1.0,0.0,0.0,0.0,0.0,0.0,0.0,0.0,0.0,0.0,0.0,0.0,0.0,0.0,0.0,0.0,0.0,0.0,0.0,0.0,0.0
74,0.3,0.0,0.0,0.0,0.0,0.0,0.6,0.0,0.0,0.0,0.0,0.0,0.0,0.0,0.0,0.0,0.0,0.0,0.0,0.0,0.0,0.0,0.0,0.0,0.0,0.0,0.0,0.0,0.0,0.0,0.0,0.0,0.0,0.0,0.0,0.0,0.0,0.0,0.3,0.0,0.0,0.0,0.0,0.0,0.0,0.0,0.0,0.0,0.0,0.3
75,0.3,0.0,0.0,0.0,0.0,0.0,0.0,0.0,0.0,0.0,0.0,0.0,0.0,0.0,0.0,0.0,0.0,0.0,0.0,0.0,0.0,0.0,0.0,0.0,0.0,0.0,0.0,0.0,0.0,0.0,0.0,0.0,0.0,0.0,0.0,0.0,0.0,0.0,0.3,0.0,0.0,0.0,0.0,0.0,0.0,0.0,0.3,0.0,0.0,0.0
76,0.6,0.0,0.0,0.0,0.0,0.0,0.0,0.0,0.0,0.0,0.0,0.0,0.0,0.0,0.0,0.0,0.0,0.0,0.0,0.0,0.0,0.0,0.0,0.0,0.0,0.0,0.0,0.0,0.0,0.0,0.0,0.0,0.0,0.0,0.0,0.0,0.0,0.0,0.3,0.0,0.0,0.0,0.3,0.0,0.3,0.0,0.0,0.0,0.0,0.0
77,1.0,0.0,0.0,0.0,0.0,0.6,0.0,0.6,0.0,0.0,0.0,0.0,0.0,0.3,0.0,0.3,0.0,0.0,0.0,0.0,1.0,0.3,0.0,0.0,0.3,0.6,1.0,0.0,0.3,0.3,0.0,0.0,0.3,0.0,0.0,0.0,0.3,0.3,0.6,0.0,0.0,0.0,0.6,0.0,0.6,0.3,0.6,0.0,0.0,0.0
78,0.3,0.6,0.3,0.3,0.0,0.6,0.6,1.0,0.6,0.0,0.0,0.6,0.6,0.3,1.0,0.6,0.6,0.3,0.3,0.0,1.0,0.6,0.6,0.6,0.0,0.6,0.6,1.0,0.6,0.3,1.0,0.6,0.3,0.0,0.6,0.0,0.3,1.0,1.0,0.6,1.0,0.6,0.6,0.6,0.6,0.6,1.0,0.6,0.6,0.6
79,0.0,0.0,0.3,0.3,0.3,0.6,0.3,0.0,0.0,0.0,0.0,0.6,0.0,0.3,0.6,0.3,0.6,0.0,0.3,0.0,0.0,0.6,0.3,0.3,0.0,0.0,0.0,0.6,0.3,0.3,0.6,0.6,0.0,0.0,0.6,0.3,0.0,0.3,1.0,0.0,1.0,0.0,0.3,0.6,0.3,0.6,1.0,0.6,0.3,0.3
80,0.0,0.0,0.0,0.6,0.3,0.6,0.6,0.6,0.0,0.3,0.0,1.0,0.6,0.0,0.6,0.3,0.6,0.0,0.3,0.3,1.0,0.6,0.3,0.6,0.0,0.6,0.0,0.6,0.6,0.3,0.6,0.6,0.0,0.0,0.6,0.6,0.3,1.0,0.6,0.0,1.0,0.0,0.3,0.6,0.6,0.6,1.0,0.6,0.3,0.6
81,0.0,0.0,0.0,0.3,0.0,0.0,0.3,0.3,0.0,0.0,0.0,0.0,0.0,0.0,0.0,0.0,0.0,0.0,0.0,0.0,1.0,0.6,0.0,0.0,0.0,0.3,0.0,0.0,0.3,0.0,0.0,0.0,0.3,0.0,0.0,0.3,0.3,0.0,0.3,0.0,0.0,0.0,0.0,0.0,0.0,0.6,0.3,0.0,0.0,0.0
82,0.0,0.0,0.3,0.0,0.0,0.0,0.0,0.0,0.0,0.0,0.0,0.0,0.0,0.0,0.0,0.0,0.0,0.0,0.0,0.0,0.6,0.3,0.0,0.0,0.0,0.0,0.0,0.0,0.3,0.0,0.0,0.0,0.0,0.6,0.0,0.0,0.0,0.0,0.0,0.0,0.6,0.6,0.0,0.3,0.3,0.3,0.3,0.0,0.0,0.3
83,0.0,0.0,0.6,0.0,0.3,0.3,0.0,0.0,0.0,0.0,0.0,0.6,0.0,0.0,0.0,0.0,0.0,0.0,0.0,0.0,0.0,0.0,0.0,0.0,0.0,0.0,0.0,0.0,0.0,0.0,0.0,0.0,0.0,0.0,0.6,0.0,0.0,0.0,0.6,0.0,0.6,0.0,0.0,0.0,0.0,0.3,0.6,0.3,0.0,0.0
84,0.0,0.0,0.0,0.0,0.0,0.0,0.6,1.0,0.0,0.0,0.0,0.0,0.0,0.0,0.0,0.0,0.0,0.0,0.0,0.3,1.0,0.3,0.0,0.0,0.0,0.6,0.3,0.6,0.0,0.0,0.0,0.0,0.3,0.0,0.0,0.0,0.3,0.3,0.3,0.0,0.0,0.3,0.0,0.6,0.0,0.6,0.3,0.0,0.0,0.0
85,0.0,0.0,0.0,0.0,0.0,0.3,0.0,1.0,0.0,0.0,0.0,0.0,0.0,0.0,0.0,0.0,0.0,0.0,0.0,0.0,0.0,0.0,0.0,0.0,0.0,0.0,0.0,0.0,0.0,0.0,0.0,0.0,0.3,0.0,0.0,0.0,0.0,0.0,0.3,0.0,0.0,0.0,0.0,0.0,0.0,0.3,0.3,0.0,0.0,0.0
86,0.0,0.0,0.0,0.0,0.0,0.0,1.0,0.3,0.0,0.0,0.0,0.0,0.0,0.0,0.0,0.0,0.0,0.0,0.0,0.0,1.0,0.3,0.0,0.0,0.0,0.3,0.3,0.0,0.0,0.0,0.0,0.0,0.0,0.0,0.0,0.0,0.3,0.3,0.3,0.0,0.3,0.0,0.0,0.0,0.0,0.6,0.3,0.0,0.0,0.0
87,0.6,0.0,0.0,0.0,0.0,0.0,0.0,0.0,0.0,0.0,0.0,0.0,0.0,0.0,0.0,0.0,0.0,0.0,0.0,0.0,1.0,0.0,0.0,0.0,0.0,0.0,0.0,0.0,0.0,0.3,0.0,0.0,0.0,0.0,0.0,0.0,0.3,0.0,0.0,0.0,0.0,0.0,0.0,0.0,0.0,0.0,0.0,0.0,0.0,0.0
88,0.0,0.6,0.6,0.6,0.6,1.0,1.0,1.0,0.3,0.3,0.0,0.6,0.3,0.6,0.0,0.6,0.0,0.0,0.0,0.6,0.3,1.0,0.3,0.6,0.6,1.0,0.0,0.0,0.6,1.0,0.6,0.6,0.6,1.0,0.0,0.0,0.6,1.0,0.6,1.0,1.0,0.6,0.3,0.6,0.3,0.3,0.3,0.6,0.6,0.6
89,0.0,0.0,0.0,0.6,0.0,1.0,1.0,0.3,0.0,0.0,0.0,0.0,0.3,0.3,0.0,0.0,0.0,0.0,0.0,0.6,0.3,1.0,0.6,0.6,0.3,0.6,0.0,0.0,0.3,1.0,0.0,0.3,0.6,0.3,0.0,0.6,0.3,0.0,0.6,0.0,1.0,0.3,0.3,0.0,0.3,0.6,0.3,0.6,0.0,0.6
90,0.3,0.0,0.0,0.0,0.0,0.6,0.0,0.0,0.0,0.0,0.3,0.3,0.0,0.3,0.0,0.0,0.0,0.3,0.0,0.0,0.0,0.0,0.6,0.6,0.0,0.0,0.3,0.0,0.0,0.0,0.0,0.0,0.0,0.0,0.0,0.0,0.0,0.0,0.6,0.0,0.0,0.0,0.3,0.0,0.6,0.0,1.0,0.0,0.0,0.0
91,0.3,0.0,0.0,0.0,0.0,0.3,0.0,0.3,0.0,0.0,0.0,0.0,0.0,0.0,0.0,0.0,0.0,0.3,0.0,0.0,0.0,0.0,0.0,0.6,0.0,0.3,0.0,0.0,0.0,0.0,0.0,0.3,0.0,0.0,0.0,0.6,0.3,0.0,0.0,0.0,0.0,0.0,0.6,0.3,0.3,0.3,0.0,0.6,0.0,0.3
92,0.0,0.0,0.3,0.0,0.0,0.0,0.0,0.3,0.0,0.0,0.0,0.0,0.0,0.0,0.0,0.0,0.0,0.6,0.3,0.0,0.0,0.0,0.0,0.3,0.0,0.0,0.3,0.6,0.0,0.0,0.0,1.0,0.0,0.0,0.0,0.0,0.0,0.6,0.6,0.0,0.6,0.0,0.3,0.0,0.0,0.0,0.3,0.6,0.0,0.0
93,0.3,0.0,0.0,0.0,0.0,0.0,0.0,0.0,0.3,0.0,0.0,0.0,0.0,0.0,0.0,0.0,0.0,0.0,0.0,0.0,0.0,0.0,1.0,0.6,0.0,0.0,0.6,0.0,0.6,0.0,0.0,0.3,0.0,0.0,0.0,0.0,0.0,0.6,0.3,0.0,0.0,0.0,0.3,0.0,0.6,0.0,0.3,0.0,0.0,0.0
94,0.0,0.0,0.0,0.0,0.0,0.0,0.0,0.0,0.0,0.0,0.0,0.0,0.0,0.0,0.0,0.0,0.0,0.0,0.0,0.0,0.0,0.0,0.0,0.0,0.0,0.0,0.0,0.0,0.3,0.0,0.0,0.0,0.0,0.0,0.0,0.0,0.0,0.0,0.3,0.0,0.0,0.0,0.0,0.0,0.0,0.0,0.3,0.0,0.0,0.0
95,0.0,0.0,0.0,0.0,0.0,0.0,0.0,0.0,0.0,0.0,0.0,0.0,0.0,0.0,0.3,0.6,0.0,0.3,0.3,0.0,0.0,0.0,0.0,0.3,0.0,0.0,0.0,0.0,0.0,0.3,0.0,0.6,0.0,0.0,0.0,0.0,0.0,0.0,0.3,0.3,0.0,0.0,0.0,0.0,0.0,0.0,0.3,0.6,0.0,0.0
96,0.0,0.0,0.3,0.6,1.0,0.3,0.3,0.0,0.3,0.0,0.0,0.6,0.0,0.0,1.0,0.6,0.0,0.6,0.6,0.0,1.0,0.0,0.3,0.6,0.0,0.0,0.0,0.0,0.0,0.6,0.0,0.6,0.0,0.6,0.6,0.3,0.3,1.0,0.3,0.6,0.3,0.0,0.3,0.0,0.0,0.0,0.6,0.6,0.3,0.0
97,0.0,0.3,0.0,0.0,0.6,0.0,0.0,0.0,0.0,0.0,0.0,0.0,0.0,0.3,0.0,0.0,0.0,0.3,0.0,0.0,0.0,0.0,0.0,0.6,0.0,0.0,0.0,0.0,0.0,0.6,0.0,1.0,0.0,0.0,0.0,0.0,0.3,0.0,0.0,0.0,0.0,0.0,0.3,0.3,0.0,0.0,0.0,0.0,0.0,0.0
98,0.0,0.0,0.0,0.0,0.0,0.0,0.0,0.0,0.0,0.0,0.0,0.0,0.0,0.0,0.0,0.0,0.0,0.0,0.0,0.0,0.0,0.0,0.0,1.0,0.0,0.0,0.0,0.0,0.0,0.0,0.0,1.0,0.0,0.0,0.0,0.0,0.0,0.0,0.0,0.0,0.0,0.6,0.0,0.0,0.0,0.0,0.0,0.0,0.0,0.0
99,0.0,0.6,1.0,0.6,0.6,1.0,0.6,0.6,1.0,0.3,0.6,1.0,0.6,0.6,0.3,0.3,0.0,0.6,0.0,0.3,0.0,0.0,1.0,1.0,0.3,0.0,0.3,1.0,0.6,0.6,0.0,1.0,0.3,0.0,0.0,0.6,0.6,0.6,0.0,0.0,0.6,0.6,0.3,0.3,0.3,0.6,0.3,0.6,0.6,0.3
100,0.0,0.6,0.6,0.6,0.0,1.0,0.3,0.3,0.0,0.0,0.0,0.6,0.6,0.6,0.3,0.3,0.0,0.0,0.0,0.3,1.0,1.0,0.3,0.0,0.3,0.0,0.0,1.0,0.3,0.6,0.6,0.3,0.0,0.0,0.0,0.6,0.6,0.6,0.3,0.0,0.0,0.6,0.0,0.3,0.0,0.3,0.0,0.3,0.6,0.3
101,0.0,0.6,0.0,0.0,0.0,0.6,0.6,0.6,1.0,0.3,0.0,0.3,0.6,0.3,0.0,0.0,0.0,0.3,0.0,0.3,1.0,0.6,1.0,1.0,0.3,0.0,0.0,0.6,0.6,0.6,0.0,0.6,0.6,0.0,0.0,0.0,0.6,0.6,0.0,0.0,0.3,0.0,0.3,0.6,0.0,0.6,0.0,0.0,0.3,0.0
102,0.0,0.3,0.0,0.3,0.6,0.3,0.3,0.0,0.0,0.0,0.0,0.0,0.0,0.3,0.0,0.3,0.0,0.3,0.0,0.0,0.0,0.0,0.0,0.6,0.0,0.0,0.0,0.0,0.0,0.6,0.0,1.0,0.0,1.0,0.0,0.0,0.0,0.6,0.3,0.6,0.6,0.0,0.3,0.0,0.6,0.0,0.3,0.0,0.0,0.0
103,0.0,0.0,0.0,0.0,0.0,0.3,0.3,0.0,1.0,0.0,0.0,0.0,0.0,0.3,0.0,0.0,0.0,0.0,0.0,0.0,0.0,0.0,0.0,0.3,0.0,0.0,0.0,0.0,0.0,0.0,0.0,0.0,0.0,0.0,0.0,0.0,0.0,0.0,0.3,0.0,0.3,0.0,0.6,0.0,0.3,0.0,0.3,0.0,0.3,0.0
104,0.0,0.0,0.6,0.0,0.0,1.0,0.0,0.0,0.0,0.0,0.0,0.6,0.0,1.0,0.0,0.0,0.0,0.0,0.0,0.0,0.0,0.0,0.0,0.0,0.3,0.0,1.0,0.0,0.0,0.0,0.0,0.0,0.0,0.0,0.6,0.0,0.0,0.0,0.6,0.0,1.0,0.0,0.3,0.0,0.3,0.0,0.6,0.0,0.0,0.0
105,0.0,0.0,0.6,0.0,0.0,1.0,0.0,0.0,0.0,0.0,0.0,0.3,0.0,0.6,0.0,0.0,0.0,0.0,0.0,0.0,0.0,0.0,0.0,0.0,0.0,0.0,0.3,0.0,0.0,0.0,0.0,0.0,0.0,0.0,0.6,0.0,0.0,0.0,0.6,0.0,0.6,0.0,0.0,0.0,0.6,0.0,0.6,0.0,0.0,0.0
106,0.0,0.0,0.0,0.0,0.0,0.0,0.0,0.0,0.0,0.0,0.0,0.0,0.0,0.0,0.0,0.0,0.0,0.0,0.0,0.0,0.0,0.0,0.0,0.0,0.0,0.0,0.6,0.0,0.0,0.0,0.0,0.0,0.0,0.0,0.0,0.0,0.0,0.0,0.3,0.0,0.0,0.0,0.0,0.0,0.0,0.0,0.6,0.0,0.0,0.0
107,0.0,0.0,0.0,0.0,0.0,0.0,0.0,0.0,0.0,0.0,0.0,0.0,0.0,0.0,0.0,0.0,0.0,0.0,0.0,0.0,0.0,0.0,0.0,0.0,0.0,0.0,0.0,0.0,0.0,0.0,0.0,0.0,0.0,0.0,0.0,0.0,0.0,0.0,0.3,0.0,0.6,0.0,0.0,0.0,0.0,0.0,0.0,0.0,0.0,0.0
108,0.0,0.0,0.0,0.0,0.0,0.0,0.0,0.0,0.0,0.0,0.0,0.0,1.0,0.0,0.0,0.0,0.0,0.0,0.0,0.0,0.0,0.0,0.0,0.0,0.0,0.0,0.0,0.0,0.0,0.0,0.0,0.0,0.0,0.0,0.0,0.0,0.0,0.0,0.0,0.0,0.0,0.0,0.0,0.0,0.0,0.0,0.0,0.0,0.0,0.0
109,0.0,0.0,0.0,0.0,0.0,0.0,0.3,0.6,1.0,0.0,0.0,0.0,1.0,0.0,0.0,0.0,0.0,0.0,0.0,0.0,1.0,0.3,0.0,0.6,0.0,0.0,0.0,1.0,0.0,0.0,0.0,0.6,0.6,0.0,0.0,0.3,0.3,0.0,0.0,0.0,0.0,0.0,0.0,0.0,0.0,0.3,0.0,0.0,0.6,0.0
110,0.0,0.0,0.0,0.0,0.0,0.0,0.3,0.0,0.0,0.0,0.0,0.0,1.0,0.0,0.0,0.0,0.0,0.0,0.0,0.0,0.0,0.0,1.0,0.0,0.0,0.0,0.6,0.0,0.0,0.0,0.0,0.0,0.0,0.0,0.0,0.0,0.0,0.0,0.0,0.0,0.0,0.0,0.0,0.0,0.0,0.0,0.0,0.0,0.0,0.0
111,0.6,0.0,0.0,0.0,0.0,0.3,0.3,0.0,0.0,0.0,0.0,0.0,0.0,0.3,0.0,0.0,0.0,0.0,0.0,0.0,0.0,0.0,0.0,0.0,0.3,0.0,0.0,0.0,0.0,0.0,0.0,0.3,0.0,0.0,0.0,0.0,0.0,1.0,0.6,0.0,0.0,0.0,0.3,0.0,0.3,0.0,0.6,0.0,0.0,0.0
112,0.0,0.0,0.0,0.0,0.0,0.3,0.0,0.0,0.0,0.0,0.0,0.0,0.0,0.0,0.0,0.0,0.0,0.0,0.0,0.0,0.0,0.0,0.0,0.0,0.0,0.0,0.3,0.0,0.0,0.0,0.0,0.0,0.0,0.0,0.0,0.0,0.0,0.0,0.3,0.0,0.0,0.0,0.3,0.0,0.0,0.0,0.3,0.0,0.0,0.0
113,0.0,0.3,0.0,0.6,0.6,0.3,0.6,1.0,0.6,0.3,0.6,0.6,1.0,0.0,0.3,0.0,0.0,0.0,0.3,0.3,1.0,1.0,1.0,0.6,0.6,0.6,0.0,1.0,0.6,0.6,0.6,1.0,0.0,0.0,0.0,0.3,0.3,1.0,0.6,0.6,0.3,0.6,0.6,0.0,0.0,0.3,0.6,0.0,1.0,0.6
114,1.0,0.0,0.0,0.0,0.0,0.6,0.3,0.0,0.0,0.0,0.0,0.0,1.0,1.0,0.0,0.0,0.0,0.0,0.0,0.0,0.0,0.0,0.0,0.0,0.3,0.0,1.0,0.0,0.6,0.0,0.0,0.0,0.0,0.0,0.0,0.0,0.0,1.0,0.6,0.6,0.6,0.0,0.6,0.0,0.0,0.0,1.0,0.0,0.0,0.0
115,0.0,0.0,0.0,0.0,0.0,0.0,0.0,0.0,0.0,0.0,0.0,0.0,0.0,0.0,0.0,0.0,0.0,0.0,0.0,0.0,0.0,0.0,0.0,0.0,0.3,0.0,0.0,0.0,0.0,0.0,0.0,0.0,0.0,0.0,0.0,0.0,0.0,0.0,0.0,0.0,0.0,0.0,0.3,0.0,0.0,0.0,0.0,0.0,0.0,0.0
116,0.0,0.0,0.0,0.0,0.0,0.0,0.0,0.0,0.0,0.0,0.0,0.0,0.0,0.3,0.0,0.0,0.0,0.0,0.0,0.6,0.0,0.0,0.0,0.0,0.0,0.0,0.3,1.0,0.0,0.0,0.0,0.0,1.0,0.0,0.0,0.0,0.3,0.0,0.0,0.0,0.6,0.0,0.0,0.0,0.3,0.6,0.3,0.0,0.0,0.3
117,0.6,0.3,0.0,0.0,0.0,0.0,0.0,0.3,0.6,0.3,0.0,0.0,0.6,0.0,0.0,0.0,0.0,0.0,0.0,0.3,1.0,0.3,0.0,0.0,0.0,0.0,0.3,1.0,0.3,0.0,0.0,0.0,0.0,0.0,0.0,0.0,0.3,1.0,0.3,0.0,0.0,0.0,0.6,0.0,0.6,0.3,0.3,0.0,0.0,0.0
118,0.3,0.0,0.0,0.0,0.0,0.6,0.0,0.0,0.0,0.0,0.0,0.0,0.0,0.3,0.0,0.3,0.0,0.0,0.0,0.0,0.0,0.0,0.0,0.0,0.0,0.0,0.0,0.0,0.0,0.0,0.0,0.3,0.0,0.0,0.0,0.0,0.0,0.0,0.6,0.0,0.0,0.0,0.0,0.0,0.0,0.0,0.0,0.0,0.0,0.0
119,0.0,0.0,0.0,0.0,0.0,0.3,0.3,1.0,0.0,0.0,0.0,0.0,0.6,0.0,0.0,0.0,0.0,0.0,0.0,0.6,0.0,1.0,0.0,0.0,0.3,0.0,0.0,0.0,0.0,0.0,0.0,0.0,0.0,0.0,0.0,0.6,0.3,0.0,0.6,0.0,0.3,0.0,0.3,0.3,0.0,0.3,0.6,0.0,0.0,0.3
120,0.0,0.3,0.0,0.0,0.0,0.3,0.0,0.0,0.0,0.3,0.3,0.0,0.0,0.3,0.0,0.0,0.3,0.6,0.0,0.6,0.0,0.3,0.0,0.6,0.3,1.0,0.0,0.0,0.6,0.0,0.0,1.0,0.0,0.0,0.0,0.3,0.3,0.0,0.3,0.0,0.3,0.0,0.3,0.0,0.3,0.3,0.3,0.0,0.0,0.3
121,0.0,0.0,0.6,0.0,0.0,0.6,0.0,0.0,0.0,0.0,0.6,0.6,0.0,0.0,0.0,0.3,0.0,0.0,0.0,0.0,0.0,0.0,0.0,0.0,0.0,0.0,0.0,0.0,0.3,0.0,0.6,0.0,0.0,0.0,1.0,0.0,0.0,0.3,0.6,0.3,1.0,0.0,0.3,0.0,0.6,0.0,0.6,0.0,0.0,0.0
122,0.0,0.3,0.0,0.6,0.3,0.0,0.0,1.0,0.0,0.0,0.0,0.0,0.0,0.0,0.0,1.0,0.6,0.0,0.0,0.0,0.0,0.0,0.0,0.6,0.0,0.0,0.0,0.0,0.6,0.0,0.6,0.3,0.0,0.0,0.0,0.0,0.0,0.0,0.3,0.6,0.6,0.0,0.0,0.0,0.0,0.3,0.6,0.0,0.0,0.0
123,0.0,0.3,0.0,0.0,0.0,0.0,0.6,0.3,0.6,0.0,0.0,0.0,0.6,0.0,0.0,0.0,0.0,0.0,0.0,0.3,1.0,0.3,0.6,0.6,0.0,0.3,0.6,0.0,0.0,0.0,0.6,0.0,0.0,0.0,0.0,0.6,0.3,0.0,0.3,0.0,0.3,0.6,0.6,0.3,0.0,0.6,0.3,0.0,0.0,0.0
124,0.0,0.0,0.6,0.0,0.0,0.0,0.0,0.0,0.0,0.0,0.0,1.0,0.0,0.0,0.0,1.0,0.0,0.0,0.0,0.0,0.6,0.0,0.0,0.6,0.0,0.0,0.0,0.0,0.0,0.0,0.6,0.0,0.0,0.0,0.0,0.0,0.0,0.0,0.0,1.0,0.0,0.0,0.0,0.0,0.0,0.0,0.0,0.0,0.0,0.0
125,0.0,0.0,1.0,0.0,0.0,0.0,0.0,0.0,0.0,0.0,0.0,0.6,0.0,0.0,0.0,0.0,0.0,0.0,0.0,0.0,0.0,0.0,0.0,0.0,0.0,0.0,1.0,0.0,0.0,0.0,0.0,0.6,0.0,0.0,1.0,0.0,0.0,0.0,0.6,0.0,0.6,0.0,0.3,0.0,0.0,0.0,0.3,0.0,0.0,0.0
126,0.0,0.0,1.0,0.0,0.3,0.6,0.0,0.0,0.0,0.0,0.6,0.6,0.0,0.3,0.0,0.0,0.0,0.0,0.0,0.0,0.0,0.0,0.0,0.0,0.3,0.0,1.0,0.0,0.0,0.0,0.0,1.0,0.0,0.0,1.0,0.0,0.0,0.0,1.0,0.0,0.6,0.0,0.3,0.0,0.0,0.0,1.0,0.0,0.0,0.3
127,0.0,0.0,0.0,0.0,0.0,0.0,1.0,0.0,0.3,0.0,0.0,0.0,0.6,0.0,0.0,0.0,0.0,0.0,0.0,0.0,1.0,0.6,0.6,0.0,0.3,0.0,0.0,0.0,0.0,0.0,0.0,0.0,0.0,0.0,0.0,0.6,0.6,0.0,0.3,0.0,0.3,0.3,0.0,0.0,0.0,0.6,0.0,0.0,0.6,0.6
128,1.0,0.3,0.6,0.0,0.6,1.0,0.3,0.3,0.0,0.3,0.6,0.6,0.6,0.6,1.0,0.6,0.3,0.6,0.3,0.3,1.0,0.3,0.3,0.0,0.3,0.3,0.3,1.0,0.3,0.3,0.3,1.0,0.6,0.6,0.6,0.0,0.6,0.6,0.6,0.6,0.6,0.0,0.3,0.0,0.3,0.3,0.6,0.6,0.0,0.0
129,1.0,0.3,1.0,0.6,1.0,1.0,0.3,0.3,0.0,0.3,0.0,0.6,0.6,0.6,1.0,0.6,0.6,0.0,0.3,0.0,0.0,0.3,0.3,0.6,0.3,0.0,0.3,0.6,0.0,0.6,1.0,1.0,0.0,0.6,1.0,0.0,0.0,0.0,0.6,0.6,1.0,0.0,1.0,0.3,1.0,0.3,0.6,0.6,0.0,0.0
130,0.6,0.0,0.6,0.6,0.6,1.0,0.3,0.0,0.0,0.0,0.6,0.6,0.0,0.3,1.0,0.6,0.3,0.6,0.3,0.0,0.3,0.3,0.3,0.6,0.3,0.3,0.3,1.0,0.0,0.6,0.0,1.0,0.6,0.0,1.0,0.0,1.0,0.0,1.0,0.6,1.0,0.0,0.6,0.0,0.6,0.3,1.0,0.6,0.0,0.0
131,1.0,0.0,0.3,1.0,0.6,1.0,0.3,0.3,0.6,0.3,0.0,0.6,0.0,0.6,1.0,0.6,0.6,0.6,0.3,0.0,0.0,0.3,0.6,0.0,0.3,0.0,0.3,0.0,0.0,0.0,1.0,1.0,0.0,0.0,0.6,0.0,0.0,1.0,0.6,0.6,0.6,0.0,0.3,0.0,0.6,0.3,0.6,0.6,0.0,0.0
132,1.0,0.3,0.0,0.0,0.0,1.0,0.3,0.6,0.0,0.0,0.3,0.6,1.0,0.6,0.0,0.0,0.0,0.0,0.0,0.3,1.0,0.3,0.0,0.0,0.6,0.0,0.6,1.0,0.3,0.0,0.0,0.0,0.0,0.0,0.0,0.0,0.3,1.0,0.6,0.0,0.3,0.0,1.0,0.0,1.0,0.0,0.6,0.3,0.0,0.0
133,0.6,0.3,0.0,0.0,0.0,0.0,0.3,0.3,0.0,0.0,0.0,0.0,0.0,0.3,0.0,0.0,0.3,0.0,0.0,0.3,0.6,0.3,0.0,0.0,0.0,0.0,0.0,0.6,0.3,0.0,0.0,0.3,0.0,0.0,0.0,0.3,0.3,0.6,0.3,0.0,0.0,0.0,0.0,0.0,0.6,0.0,0.0,0.3,0.0,0.0
134,0.0,0.0,0.6,0.0,0.0,0.6,0.0,0.0,0.0,0.0,0.0,0.6,0.0,0.6,1.0,0.0,0.3,0.3,0.3,0.0,0.0,0.0,0.0,0.0,0.0,0.0,0.3,0.0,0.0,0.3,0.0,0.3,0.0,0.0,0.6,0.0,0.0,0.0,0.3,0.0,0.6,0.0,0.3,0.0,0.0,0.0,0.0,0.3,0.0,0.0
135,0.0,0.3,0.3,0.0,0.0,0.3,0.0,0.0,0.0,0.0,0.0,0.6,0.0,0.3,0.0,0.0,0.0,0.3,0.0,0.0,0.0,0.0,0.0,0.0,0.0,0.0,0.0,0.0,0.0,0.6,0.0,0.3,0.0,0.0,0.0,0.0,0.0,0.0,0.3,0.0,0.3,0.0,0.0,0.0,0.0,0.0,0.0,0.3,0.0,0.0
136,0.0,0.0,0.0,0.0,0.0,0.3,0.3,0.0,0.0,0.0,0.0,0.0,0.0,0.6,0.0,0.3,0.0,0.3,0.0,0.0,0.0,0.0,0.0,0.3,0.0,0.0,0.0,0.0,0.0,0.0,0.0,0.0,0.0,0.6,0.0,0.0,0.0,0.0,0.3,0.0,0.3,0.0,0.0,0.0,0.0,0.0,0.0,0.6,0.0,0.0
137,0.0,0.0,0.0,0.0,0.0,0.0,0.0,0.0,0.0,0.0,0.0,0.0,0.0,0.0,0.0,0.6,0.0,0.0,0.0,0.0,0.0,0.0,0.0,0.0,0.0,0.0,0.0,0.0,0.0,0.0,0.0,0.0,0.0,0.0,0.0,0.0,0.0,0.0,0.0,0.0,0.0,0.0,0.0,0.0,0.0,0.0,0.0,0.6,0.0,0.0
138,0.0,0.0,0.0,0.0,0.0,0.0,0.0,0.0,0.0,0.0,0.0,0.0,0.0,0.0,0.0,0.3,0.0,0.0,0.0,0.0,0.0,0.0,0.0,0.0,0.0,0.0,0.0,0.0,0.0,0.0,0.0,0.0,0.0,0.6,0.0,0.0,0.0,0.0,0.0,0.0,0.0,0.0,0.0,0.0,0.0,0.0,0.0,0.6,0.0,0.0
139,1.0,0.0,0.0,0.3,0.6,0.0,0.0,0.0,0.0,0.0,0.0,0.0,0.0,0.3,1.0,0.6,1.0,0.3,0.3,0.0,0.0,0.0,0.0,0.0,0.0,0.0,0.0,0.0,0.0,0.6,0.0,1.0,0.0,0.0,0.6,0.0,0.0,0.6,0.3,0.0,0.6,0.0,0.6,0.0,0.3,0.0,0.6,0.6,0.0,0.0
140,0.0,0.0,0.0,0.0,0.0,0.3,0.0,0.0,0.0,0.0,0.0,0.0,0.0,0.0,0.0,0.0,0.0,0.0,0.0,0.0,0.0,0.0,0.0,0.0,0.0,0.0,0.3,0.0,0.0,0.0,0.0,0.0,0.0,0.0,0.0,0.0,0.0,0.0,0.0,0.0,0.3,0.0,0.0,0.0,0.0,0.0,0.0,0.0,0.0,0.0
141,0.0,0.0,0.0,0.0,0.0,0.3,0.0,0.0,0.0,0.0,0.0,0.0,0.0,0.0,0.0,0.0,0.0,0.0,0.0,0.0,0.0,0.0,0.0,0.0,0.0,0.0,0.0,0.0,0.0,0.0,0.0,0.0,0.0,0.0,0.0,0.0,0.0,0.0,0.0,0.0,0.0,0.0,0.0,0.0,0.0,0.0,0.0,0.0,0.0,0.0
142,0.0,0.0,0.0,0.0,0.0,0.3,0.0,0.0,0.0,0.0,0.0,0.0,0.0,0.0,0.0,0.0,0.0,0.0,0.0,0.0,0.0,0.0,0.0,0.0,0.0,0.0,0.3,0.0,0.0,0.0,0.0,0.0,0.0,0.0,0.0,0.0,0.0,0.0,0.3,0.0,0.3,0.0,0.3,0.0,0.3,0.0,0.6,0.0,0.0,0.0
143,0.3,0.0,0.0,0.0,0.0,0.0,0.0,0.0,0.0,0.0,0.0,0.0,0.0,0.0,0.0,0.0,0.0,0.0,0.0,0.0,0.0,0.0,0.0,0.0,0.0,0.0,0.0,0.0,0.0,0.0,0.0,0.0,0.0,0.0,0.0,0.0,0.0,0.0,0.0,0.0,0.0,0.0,0.0,0.0,0.3,0.0,0.0,0.0,0.0,0.0
144,0.0,0.0,0.3,0.0,0.0,0.0,0.0,0.0,0.0,0.0,0.0,0.0,0.0,0.3,0.0,0.0,0.0,0.0,0.0,0.3,0.0,0.0,0.0,0.0,0.0,0.0,0.6,0.0,0.0,0.0,0.0,0.6,1.0,0.0,0.6,0.6,0.3,0.3,0.0,0.6,1.0,0.0,0.0,0.0,0.0,0.0,0.6,0.3,0.0,0.0
145,0.0,0.0,0.3,0.6,0.0,0.6,0.0,0.0,0.0,0.0,0.0,0.0,0.0,0.0,0.0,0.0,0.3,0.0,0.0,0.3,0.3,0.0,0.0,0.0,0.0,0.6,0.0,0.6,0.0,0.0,0.0,0.0,1.0,0.0,0.0,0.6,0.0,0.3,0.3,0.0,0.6,0.0,0.3,0.0,0.3,0.0,0.3,0.3,0.0,0.0
146,0.0,0.0,0.0,0.0,0.0,0.0,0.0,0.0,0.0,0.0,0.0,0.0,0.0,0.0,0.0,0.3,0.0,0.0,0.0,0.0,0.0,0.3,0.0,0.0,0.0,0.0,0.0,0.0,0.0,0.0,0.0,0.0,0.0,0.0,0.0,0.0,0.0,0.3,0.3,0.0,0.0,0.0,0.0,0.0,0.0,0.0,0.0,0.3,0.3,0.0
147,0.6,0.3,1.0,1.0,1.0,1.0,0.6,1.0,0.6,0.6,0.6,0.6,0.6,0.6,1.0,1.0,1.0,1.0,0.6,0.6,0.0,1.0,0.6,1.0,0.3,1.0,0.6,1.0,0.6,0.6,1.0,1.0,0.0,0.6,1.0,0.6,0.6,1.0,1.0,0.6,1.0,0.6,0.6,0.6,0.6,0.3,1.0,1.0,0.6,0.6
148,0.0,0.0,0.0,0.0,0.0,0.0,0.0,0.0,0.0,0.0,0.0,0.0,0.6,0.0,0.0,0.0,0.0,0.0,0.0,0.0,0.0,0.0,0.0,0.0,0.0,0.0,0.0,0.0,0.0,0.0,0.0,0.0,0.0,0.0,0.0,0.0,0.0,0.0,0.3,0.0,0.0,0.0,0.0,0.0,0.0,0.0,0.0,0.0,0.0,0.0
149,0.6,0.0,0.0,0.0,0.0,0.0,0.0,0.0,0.0,0.0,0.0,0.0,0.6,0.0,0.0,0.0,0.0,0.0,0.0,0.0,0.0,0.0,0.0,0.0,0.3,0.0,0.0,0.0,0.0,0.0,0.0,0.0,0.0,0.0,0.0,0.0,0.0,0.0,0.0,0.0,0.0,0.0,0.0,0.0,0.0,0.0,0.0,0.0,0.0,0.0
150,0.0,0.0,0.0,0.0,0.0,0.0,0.0,0.0,0.0,0.0,0.0,0.0,0.6,0.0,0.0,0.0,0.0,0.0,0.0,0.0,0.0,0.0,0.3,0.0,0.3,0.0,0.0,0.0,0.0,0.0,0.0,0.0,0.0,0.0,0.0,0.0,0.0,0.0,0.0,0.0,0.0,0.0,0.0,0.0,0.0,0.0,0.0,0.0,0.0,0.0
151,0.6,0.0,0.3,0.0,0.0,0.0,0.0,0.0,0.0,0.0,0.0,0.0,0.0,0.0,0.0,0.0,0.0,0.0,0.0,0.0,0.0,0.0,0.0,0.0,0.3,0.0,0.0,0.0,0.0,0.0,0.0,0.0,0.0,0.0,0.0,0.0,0.0,0.0,0.0,0.0,0.0,0.0,0.3,0.0,0.3,0.0,0.0,0.0,0.0,0.0
152,0.0,0.0,0.0,0.0,0.0,0.0,0.0,0.0,0.0,0.0,0.0,0.0,0.0,0.0,0.0,0.0,0.0,0.0,0.0,0.0,0.0,0.0,0.0,0.0,0.0,0.0,0.0,0.0,0.0,0.0,0.0,0.0,0.0,0.0,0.0,0.0,0.0,0.0,0.0,0.0,0.0,0.0,0.0,0.0,0.0,0.0,0.0,0.0,0.0,0.0
153,0.0,0.0,0.0,0.0,0.0,0.0,0.0,0.0,0.0,0.0,0.0,0.0,1.0,0.0,0.0,0.0,0.0,0.0,0.0,0.0,0.0,0.0,0.0,0.0,0.0,0.0,0.0,0.0,0.0,0.0,0.0,0.0,0.0,0.0,0.0,0.0,0.3,0.0,0.0,0.0,0.0,0.0,0.0,0.0,0.3,0.0,0.0,0.0,0.0,0.0
154,1.0,0.0,1.0,0.6,1.0,1.0,0.6,1.0,0.6,0.6,1.0,0.6,0.0,1.0,1.0,0.6,0.6,1.0,0.3,0.0,0.6,0.3,0.6,0.6,0.6,0.3,0.6,0.0,0.3,1.0,0.6,1.0,0.0,0.0,1.0,0.0,0.6,0.3,1.0,0.6,1.0,0.0,0.6,0.0,0.6,0.3,1.0,0.6,0.0,0.3
155,0.0,0.0,1.0,0.3,0.3,1.0,0.0,0.0,0.0,0.3,0.6,0.6,0.0,1.0,1.0,0.3,0.6,0.6,0.3,0.0,0.0,0.0,0.0,0.0,0.0,0.0,0.6,0.0,0.3,0.0,0.0,0.6,0.0,0.0,1.0,0.0,0.0,0.0,1.0,0.3,1.0,0.0,0.6,0.0,0.6,0.0,1.0,0.3,0.0,0.3
156,0.0,0.0,1.0,0.3,0.3,1.0,0.0,0.0,0.0,0.3,0.0,0.6,0.0,1.0,1.0,0.3,0.6,0.3,0.3,0.0,0.0,0.0,0.0,0.0,0.0,0.0,0.6,0.0,0.3,0.0,0.0,0.6,0.0,0.0,1.0,0.0,0.0,0.0,1.0,0.0,1.0,0.0,0.3,0.0,0.3,0.0,1.0,0.3,0.0,0.3
157,0.0,0.0,0.0,0.0,0.0,0.6,0.0,0.0,0.0,0.3,0.0,0.3,0.0,0.6,0.0,0.0,0.0,0.0,0.0,0.0,0.0,0.0,0.0,0.0,0.0,0.0,0.6,0.0,0.3,0.0,0.0,0.0,0.0,0.0,0.0,0.0,0.0,0.0,0.6,0.0,1.0,0.0,0.0,0.0,0.0,0.0,1.0,0.0,0.0,0.0
158,1.0,0.0,0.6,0.6,0.6,0.6,0.3,0.6,0.6,0.3,0.6,0.6,0.6,1.0,1.0,0.6,0.6,0.3,0.3,0.0,1.0,0.3,0.6,0.6,0.3,0.0,0.3,1.0,0.6,0.0,0.0,1.0,0.3,0.0,1.0,0.0,0.6,0.6,1.0,0.0,1.0,0.3,0.6,0.0,1.0,0.3,1.0,0.6,0.0,0.3
159,1.0,0.3,0.6,0.6,0.6,0.6,0.3,1.0,0.6,0.6,0.0,0.6,0.6,0.6,1.0,0.6,0.6,0.6,0.6,0.6,1.0,0.0,1.0,1.0,0.0,1.0,0.3,1.0,0.6,1.0,0.6,1.0,0.0,0.0,0.6,0.6,0.6,1.0,0.6,0.6,0.3,0.0,0.3,0.6,0.3,0.0,0.3,0.6,0.6,1.0
160,0.6,0.0,0.0,0.0,0.0,0.6,0.0,0.3,0.0,0.0,0.0,0.0,0.0,0.0,0.0,0.0,0.0,0.0,0.0,0.0,0.0,0.3,0.0,0.0,0.3,0.0,0.0,0.0,0.0,0.0,0.0,0.0,0.0,0.0,0.0,0.0,0.3,0.3,0.0,0.0,0.0,0.0,0.3,0.0,0.0,0.0,0.0,0.0,0.0,0.0
161,0.6,0.0,0.0,0.0,0.0,0.3,0.0,0.3,0.0,0.0,0.0,0.0,0.0,0.0,0.0,0.0,0.0,0.0,0.0,0.0,1.0,0.0,0.0,0.0,0.0,0.0,0.0,0.0,0.0,0.0,0.0,0.0,0.0,0.0,0.0,0.0,0.3,0.3,0.6,0.0,0.0,0.0,0.3,0.0,0.0,0.0,0.0,0.0,0.0,0.0
162,0.3,0.0,0.0,0.0,0.0,0.0,0.0,0.0,0.0,0.0,0.0,0.0,0.0,0.0,0.0,0.0,0.0,0.0,0.0,0.0,0.3,0.0,0.0,0.0,0.0,0.0,0.0,0.0,0.0,0.0,0.0,0.0,0.0,0.0,0.0,0.0,0.6,0.0,0.3,0.0,0.0,0.0,0.0,0.0,0.0,0.0,0.0,0.0,0.0,0.0
163,0.0,0.0,0.0,0.3,0.0,0.3,0.0,0.3,0.0,0.0,0.0,0.0,0.0,0.3,1.0,0.6,0.6,0.6,0.3,0.0,1.0,0.0,0.0,0.3,0.0,0.0,0.0,0.0,0.0,0.6,0.0,0.0,0.0,0.0,0.0,0.0,0.0,0.0,0.0,0.0,1.0,0.0,0.0,0.0,0.0,0.0,0.0,0.0,0.0,0.3
164,0.0,0.0,0.0,0.0,0.0,0.0,0.0,0.0,0.0,0.0,0.0,0.0,0.0,0.0,0.0,0.3,0.0,0.0,0.0,0.0,0.0,0.0,0.0,0.6,0.0,0.0,0.0,0.0,0.0,0.0,0.0,0.0,0.0,0.0,0.0,0.0,0.0,0.0,0.0,0.6,0.0,0.0,0.0,0.0,0.0,0.6,0.0,0.0,0.0,0.0
165,1.0,0.6,0.0,0.0,0.0,0.0,0.6,1.0,1.0,1.0,0.0,0.0,1.0,0.3,0.0,0.3,0.6,0.6,0.0,0.6,1.0,1.0,1.0,0.0,0.0,1.0,0.6,1.0,1.0,0.0,0.0,0.6,0.0,0.0,0.0,0.6,0.6,1.0,0.3,0.3,0.0,0.6,0.0,0.6,0.0,0.3,0.6,1.0,0.6,0.3
166,0.0,0.0,0.0,0.0,0.0,0.0,0.0,0.0,0.0,0.0,0.0,0.0,1.0,0.0,0.0,0.0,0.0,0.0,0.0,0.0,0.0,0.0,0.0,0.0,0.0,0.0,0.0,1.0,0.0,0.0,0.0,0.0,0.0,0.0,0.0,0.0,0.0,0.0,0.0,0.0,0.3,0.0,0.0,0.0,0.0,0.0,0.3,0.0,0.0,0.0
167,0.0,0.0,0.0,0.0,0.0,0.0,0.0,0.0,0.0,0.0,0.0,0.0,0.0,0.0,0.0,0.0,0.0,0.0,0.0,0.0,0.0,0.0,0.6,0.0,0.0,0.0,0.6,0.0,0.0,0.0,0.0,0.0,0.0,0.0,0.0,0.0,0.0,0.0,0.0,0.0,0.0,0.0,0.0,0.0,0.0,0.0,0.0,0.0,0.0,0.0
168,0.0,0.0,0.0,0.0,0.0,0.0,0.0,0.0,0.0,0.0,0.0,0.0,0.0,0.0,0.0,0.0,0.0,0.0,0.0,0.0,0.0,0.0,0.0,0.0,0.0,0.0,0.0,0.0,0.0,0.0,0.0,0.0,0.0,0.0,0.0,0.0,0.0,0.0,0.0,0.0,0.0,0.0,0.0,0.0,0.0,0.0,0.0,0.3,0.0,0.0
169,0.3,0.0,0.0,0.0,0.0,0.0,1.0,1.0,0.0,0.0,0.0,0.0,0.6,0.0,0.0,0.0,0.0,0.0,0.0,0.6,1.0,0.0,0.3,0.0,0.0,0.6,0.0,1.0,0.0,0.0,0.0,0.0,1.0,0.0,0.0,0.3,0.6,1.0,0.3,0.0,0.3,0.0,0.0,0.6,0.0,0.6,0.3,0.0,0.0,0.0
170,1.0,0.6,0.0,0.3,0.0,0.6,0.3,0.6,0.6,0.3,0.6,0.0,0.6,0.6,1.0,0.0,0.0,0.3,0.0,0.3,1.0,0.3,0.6,0.0,0.6,0.3,0.6,1.0,0.3,0.0,0.0,0.0,0.3,0.0,0.3,0.0,0.3,1.0,0.6,0.0,0.0,0.0,0.6,0.0,0.0,0.3,1.0,0.3,0.0,0.0
171,0.0,0.0,0.0,0.3,0.0,0.6,0.0,0.3,0.6,0.3,0.0,0.6,0.0,0.6,0.0,0.0,0.6,0.3,0.3,0.3,0.0,0.0,0.0,0.6,0.0,0.0,0.3,0.0,0.0,0.6,0.0,1.0,0.0,0.6,0.0,0.0,0.3,0.3,0.3,0.0,0.6,0.0,0.3,0.0,0.0,0.0,0.3,0.6,0.0,0.0
172,0.6,0.3,1.0,1.0,1.0,0.6,1.0,0.3,1.0,1.0,0.6,0.6,0.0,1.0,1.0,0.3,1.0,1.0,0.6,0.3,1.0,0.6,1.0,1.0,0.6,0.3,0.3,1.0,0.3,0.6,1.0,1.0,0.0,1.0,1.0,0.0,0.6,0.6,1.0,1.0,1.0,0.0,0.6,0.0,1.0,0.3,1.0,0.6,0.6,1.0
173,1.0,0.3,1.0,0.0,0.0,1.0,0.0,0.0,0.6,0.0,0.6,0.0,1.0,0.6,0.0,0.0,0.0,0.0,0.0,0.0,1.0,0.0,0.0,0.3,0.0,0.0,1.0,0.0,0.3,0.0,0.0,0.6,0.0,0.6,0.6,0.0,0.0,0.3,0.6,0.0,0.6,0.0,0.3,0.0,0.6,0.3,1.0,0.0,0.0,0.0
174,1.0,0.0,0.3,0.3,0.0,1.0,0.6,0.0,0.6,0.0,0.0,0.0,1.0,0.6,0.0,0.0,0.0,0.0,0.0,0.3,1.0,0.6,0.6,0.6,0.6,0.0,1.0,0.6,0.3,0.0,0.0,0.0,1.0,0.0,0.3,0.3,0.3,1.0,0.6,0.0,0.0,0.0,0.6,0.0,0.6,0.0,1.0,0.0,0.0,0.6
175,1.0,0.0,0.3,0.6,0.0,1.0,0.3,0.0,0.3,0.3,0.3,0.0,0.6,0.6,0.0,0.0,0.6,0.3,0.0,0.3,1.0,0.6,0.0,0.6,0.6,0.0,1.0,0.6,0.0,0.0,0.0,0.0,0.3,0.0,0.3,0.0,0.3,1.0,0.6,0.0,0.0,0.0,1.0,0.0,1.0,0.0,0.0,0.0,0.0,0.3
176,1.0,0.0,0.0,0.0,0.0,0.6,0.0,0.0,0.0,0.0,0.0,0.0,1.0,0.6,0.0,0.0,0.0,0.0,0.0,0.0,0.6,0.3,0.0,0.0,0.6,0.0,0.6,0.6,0.0,0.0,0.0,0.0,0.0,0.0,0.0,0.0,0.3,1.0,0.6,0.0,0.0,0.0,0.6,0.0,0.3,0.0,1.0,0.0,0.0,0.0
177,1.0,0.0,0.0,0.0,0.0,0.6,0.0,0.0,0.0,0.0,0.0,0.0,1.0,0.6,0.0,0.0,0.0,0.0,0.0,0.0,0.6,0.0,0.0,0.0,0.6,0.0,0.6,0.6,0.0,0.0,0.0,0.0,0.0,0.0,0.0,0.0,0.3,1.0,0.6,0.0,0.0,0.0,0.6,0.0,0.3,0.3,1.0,0.0,0.0,0.0
178,1.0,0.0,0.0,0.0,0.0,0.6,0.0,0.0,0.0,0.0,0.0,0.0,1.0,0.6,0.0,0.0,0.0,0.0,0.0,0.0,0.6,0.3,0.0,0.0,0.3,0.0,0.6,0.0,0.0,0.0,0.0,0.0,0.0,0.0,0.0,0.0,0.3,1.0,0.6,0.0,0.0,0.0,0.6,0.0,0.3,0.0,1.0,0.0,0.0,0.0
179,0.3,0.0,0.0,0.0,0.0,0.3,0.0,0.0,0.0,0.3,0.0,0.0,1.0,0.0,0.0,0.0,0.0,0.6,0.0,0.0,0.0,0.3,0.6,0.0,0.3,0.0,0.0,0.0,0.0,0.0,0.0,0.0,0.0,0.0,0.3,0.0,0.3,1.0,0.6,0.0,0.3,0.0,0.3,0.0,0.3,0.0,0.6,0.6,0.0,0.0
180,0.3,0.0,1.0,0.3,1.0,1.0,0.3,0.3,0.6,0.3,0.0,0.0,0.0,0.6,1.0,0.6,0.6,0.3,0.6,0.0,1.0,0.0,0.3,0.6,0.0,0.0,0.3,0.0,0.0,0.3,0.0,1.0,0.0,0.0,0.0,0.0,0.0,0.6,0.6,0.6,0.3,0.0,0.3,0.0,1.0,0.3,0.6,0.6,0.0,0.0
181,0.0,0.0,0.6,0.3,0.0,0.6,0.0,0.0,0.0,0.0,0.0,0.0,0.0,0.3,0.0,0.6,0.0,0.3,0.0,0.0,0.0,0.0,0.0,0.6,0.0,0.0,0.0,0.0,0.0,0.0,0.0,0.0,0.0,1.0,1.0,0.0,0.0,0.0,0.3,0.6,0.6,0.0,0.0,0.0,0.0,0.0,0.0,0.0,0.0,0.0
182,0.0,0.0,0.0,0.0,0.0,0.6,0.0,0.0,0.0,0.0,0.0,0.0,0.0,0.3,0.0,0.6,0.0,0.3,0.0,0.0,0.0,0.0,0.0,0.0,0.0,0.0,0.3,0.0,0.0,0.0,0.0,0.0,0.0,0.0,0.0,0.0,0.6,0.0,0.3,0.0,0.3,0.0,0.0,0.0,0.0,0.0,0.3,0.0,0.0,0.0
183,0.0,0.0,0.0,0.0,0.0,0.6,0.0,0.0,0.0,0.0,0.0,0.0,0.0,0.3,0.0,0.6,0.0,0.0,0.0,0.0,0.0,0.0,0.0,0.0,0.0,0.0,0.0,0.0,0.0,0.0,0.0,0.0,0.0,0.6,0.0,0.0,0.0,0.0,0.3,0.6,0.3,0.0,0.0,0.0,0.0,0.0,0.0,0.0,0.0,0.0
184,0.0,0.0,0.0,0.0,0.0,0.3,0.0,0.0,0.0,0.0,0.0,0.0,0.0,0.0,1.0,0.0,0.0,0.0,0.0,0.0,0.0,0.0,0.0,0.0,0.0,0.0,0.6,0.0,0.0,0.0,0.0,0.3,0.0,0.0,0.0,0.0,0.0,0.0,0.3,0.0,0.3,0.0,0.0,0.0,0.3,0.0,0.3,0.3,0.0,0.0
185,0.6,0.0,1.0,0.6,0.6,0.6,0.3,0.0,0.0,0.3,0.6,0.0,0.0,0.0,1.0,0.6,0.0,0.0,0.0,0.0,0.0,0.0,0.6,0.6,0.3,0.0,0.3,0.6,0.3,0.3,0.0,0.6,0.6,0.0,0.0,0.0,0.3,0.6,0.6,0.0,0.6,0.0,0.6,0.0,0.6,0.0,1.0,0.0,0.6,0.3
186,0.0,0.0,0.6,0.0,0.0,0.3,0.3,0.3,0.0,0.3,0.3,0.6,0.0,0.3,0.0,0.3,0.0,0.0,0.0,0.0,0.0,0.0,0.3,0.0,0.0,0.0,0.3,0.6,0.3,0.0,0.0,0.3,0.3,0.0,0.0,0.0,0.3,0.0,0.3,0.0,0.3,0.0,0.3,0.0,0.3,0.0,0.3,0.3,0.0,0.3
187,0.0,0.0,0.3,0.0,0.0,0.0,0.0,0.0,0.0,0.0,0.0,0.0,0.0,0.0,0.0,0.6,0.6,0.3,0.0,0.0,0.0,0.0,0.0,0.0,0.0,0.0,0.0,0.0,0.0,0.0,0.0,0.0,0.0,0.0,0.0,0.0,0.0,0.0,0.0,0.0,0.0,0.0,0.0,0.0,0.0,0.0,0.0,0.6,0.0,0.0
188,0.0,0.0,0.3,0.0,0.0,0.0,0.0,0.0,0.0,0.0,0.0,0.0,0.0,0.0,0.0,0.6,0.0,0.3,0.0,0.0,0.0,0.0,0.0,0.0,0.0,0.0,0.0,0.0,0.0,0.0,0.0,0.0,0.0,1.0,0.3,0.0,0.0,0.0,0.3,0.6,0.3,0.0,0.0,0.0,0.0,0.0,0.3,0.3,0.0,0.0
189,0.0,0.0,0.0,0.0,0.0,0.3,0.0,0.0,0.0,0.0,0.0,0.0,0.0,0.3,0.0,0.3,0.0,0.0,0.0,0.0,0.0,0.0,0.0,0.6,0.0,0.0,0.0,0.0,0.0,0.0,0.0,0.0,0.0,0.0,0.0,0.0,0.3,0.0,0.3,0.0,0.0,0.0,0.0,0.0,0.0,0.0,0.3,0.0,0.0,0.0
190,0.6,0.0,0.0,0.0,0.0,0.6,0.3,0.0,0.3,0.3,0.0,0.6,0.0,0.6,1.0,0.6,0.6,0.3,0.3,0.3,0.0,0.0,0.3,0.0,0.0,0.0,1.0,0.0,0.3,0.3,0.0,0.3,0.0,0.0,0.0,0.0,0.0,0.0,0.3,0.0,0.3,0.0,0.6,0.0,0.6,0.0,0.3,0.6,0.3,0.3
191,0.0,0.0,0.0,0.0,0.0,0.0,0.3,0.0,0.0,0.0,0.0,0.0,0.0,0.3,0.0,0.0,0.0,0.0,0.0,0.0,0.0,0.3,0.0,0.0,0.0,0.0,0.0,0.0,0.0,0.0,0.0,0.0,0.0,0.0,0.0,0.0,0.0,0.0,0.0,0.0,0.3,0.0,0.3,0.0,0.0,0.0,0.3,0.0,0.0,0.0
192,0.0,0.0,0.3,0.0,0.0,0.6,0.6,0.0,0.0,0.0,0.0,0.0,0.0,0.0,0.6,0.6,0.0,0.3,0.0,0.0,0.0,0.0,0.0,0.6,0.0,0.0,0.0,0.0,0.0,0.0,0.0,0.3,0.0,0.0,0.0,0.0,0.0,0.0,0.3,0.0,0.0,0.0,0.0,0.0,0.0,0.0,0.3,0.6,0.0,0.0
193,0.6,0.0,0.6,0.6,0.6,0.0,0.0,0.0,0.0,0.6,0.3,0.0,0.0,0.6,0.3,0.3,0.6,1.0,0.3,0.0,1.0,0.3,0.3,0.6,0.3,0.0,0.3,0.0,0.0,1.0,0.0,1.0,0.0,0.0,0.6,0.0,0.3,0.3,0.6,0.3,0.6,0.0,0.6,0.0,0.3,0.0,0.6,0.3,0.0,0.0
194,0.3,0.3,0.3,0.0,0.6,0.0,1.0,0.6,0.0,0.3,0.0,0.0,0.0,0.0,0.0,0.6,0.0,0.3,0.0,0.3,1.0,1.0,0.6,0.6,0.0,0.3,0.3,0.6,0.6,0.0,0.0,0.0,0.3,0.0,0.0,0.0,0.3,1.0,0.6,0.0,0.6,0.0,0.0,0.0,0.0,0.0,0.6,0.0,0.3,0.0
195,0.0,0.0,0.0,0.0,0.0,0.0,0.0,0.0,0.0,0.0,0.0,0.0,1.0,0.0,0.0,0.0,0.0,0.0,0.0,0.0,0.0,0.0,0.0,0.0,0.0,0.0,0.0,0.6,0.0,0.0,0.0,0.0,0.0,0.0,0.0,0.0,0.0,0.0,0.0,0.0,0.0,0.0,0.0,0.0,0.0,0.0,0.0,0.0,0.0,0.0
196,0.0,0.0,0.0,0.0,0.0,0.0,0.0,0.0,0.0,0.0,0.0,0.0,0.0,0.0,0.0,0.0,0.0,0.0,0.0,0.0,0.0,0.0,0.6,0.0,0.0,0.0,0.0,1.0,0.0,0.0,0.0,0.0,0.0,0.0,0.0,0.0,0.0,0.0,0.0,0.0,0.3,0.0,0.0,0.0,0.0,0.3,0.0,0.0,0.0,0.0
197,0.0,0.0,0.0,0.3,0.0,0.3,0.6,0.3,0.0,0.3,0.0,0.0,0.3,0.3,0.6,0.6,0.0,0.3,0.0,0.0,0.0,0.6,0.6,0.0,0.0,0.0,0.0,0.3,0.0,0.0,0.6,0.0,0.0,0.0,0.0,0.0,0.3,0.0,0.6,0.0,0.6,0.0,0.0,0.0,0.0,0.6,0.6,0.0,0.3,0.6
198,0.0,0.0,0.0,0.6,0.0,0.0,0.3,0.6,0.0,0.0,0.0,0.0,0.3,0.0,0.3,0.0,0.0,0.0,0.0,0.0,0.0,1.0,0.6,0.6,0.0,0.0,0.3,1.0,0.0,0.0,0.6,0.3,0.0,0.0,0.6,0.0,0.0,0.0,0.3,0.0,0.3,0.0,0.0,0.0,0.0,0.0,0.3,0.0,0.0,0.6
199,0.0,0.0,0.0,0.0,0.0,0.0,0.0,0.0,0.0,0.0,0.0,0.0,0.0,0.0,0.0,0.0,0.0,0.0,0.0,0.0,0.0,0.6,0.6,0.0,0.0,0.0,0.0,0.0,0.0,0.0,0.0,0.0,0.0,0.0,0.0,0.6,0.0,0.0,0.0,0.0,0.0,0.0,0.0,0.0,0.0,0.0,0.0,0.0,0.0,0.0
200,0.0,0.0,0.0,0.0,0.0,0.0,0.3,0.3,0.0,0.0,0.0,0.0,0.0,0.0,0.0,0.0,0.0,0.0,0.0,0.0,0.0,0.0,0.0,0.0,0.3,0.0,0.6,0.0,0.0,0.0,0.0,0.0,0.0,0.0,0.0,0.0,0.0,0.0,0.6,0.0,0.3,0.0,0.6,0.0,0.0,0.0,0.3,0.0,0.0,0.0
201,0.0,0.0,0.0,0.0,0.0,0.0,0.0,0.0,0.0,0.0,0.0,0.0,0.0,0.0,0.0,0.0,0.0,0.3,0.0,0.0,0.0,0.0,0.0,0.0,0.3,0.0,0.0,0.0,0.0,0.0,0.0,0.3,0.0,0.0,0.0,0.0,0.0,0.0,0.3,0.0,0.3,0.0,0.3,0.0,0.3,0.0,0.0,0.0,0.0,0.0
202,0.0,0.0,0.6,0.0,0.0,0.3,0.0,0.0,0.0,0.3,0.0,0.0,0.0,0.6,0.0,0.6,0.6,0.3,0.0,0.0,0.0,0.0,0.0,1.0,0.0,0.0,0.0,0.0,0.3,0.0,0.0,0.6,0.0,0.0,0.3,0.3,0.0,0.0,0.3,0.3,0.6,0.0,0.6,0.0,1.0,0.0,0.3,0.6,0.0,0.0
203,0.0,0.0,0.3,0.0,0.0,0.3,0.0,0.0,0.0,0.0,0.0,0.6,0.0,0.3,0.0,0.6,0.3,0.3,0.3,0.0,0.0,0.0,0.0,0.6,0.0,0.0,0.0,0.0,0.3,0.6,0.0,0.3,0.0,0.0,0.3,0.3,0.0,0.0,0.3,0.0,0.3,0.0,0.3,0.0,0.6,0.0,0.3,0.0,0.0,0.0
204,0.3,0.0,0.6,0.6,0.6,0.3,0.6,0.6,0.3,0.6,0.0,0.6,0.0,0.3,1.0,0.6,0.6,0.6,0.6,0.0,0.3,0.3,1.0,1.0,0.0,1.0,0.6,1.0,0.3,0.0,0.6,1.0,1.0,0.0,0.6,0.6,0.6,0.6,0.6,0.6,0.6,0.0,0.3,0.3,0.3,0.6,0.6,0.6,0.3,1.0
205,1.0,0.0,0.0,0.0,0.0,0.0,0.0,0.6,0.0,0.0,0.0,0.0,1.0,0.0,0.0,0.0,0.0,0.0,0.0,0.3,0.0,0.0,1.0,0.0,0.0,0.0,0.3,1.0,0.0,0.0,0.0,0.0,0.0,0.0,0.0,0.0,0.0,0.0,0.0,0.0,0.3,0.0,0.3,0.0,0.0,0.0,0.3,0.0,0.0,0.0
206,0.0,0.0,0.0,0.0,0.0,0.0,0.3,0.0,0.0,0.0,0.0,0.0,0.0,0.0,0.0,0.0,0.0,0.0,0.0,0.6,0.0,0.6,0.3,0.0,0.0,0.0,1.0,0.0,0.0,0.0,0.0,0.0,0.0,0.0,0.0,0.0,0.0,0.0,0.0,0.0,0.0,0.0,0.0,0.0,0.0,0.0,0.0,0.0,0.0,0.0
207,0.0,0.0,0.3,0.0,0.0,0.0,0.3,0.6,0.0,0.0,0.0,0.0,0.0,0.0,0.0,0.0,0.0,0.0,0.0,0.0,0.0,0.6,0.0,0.0,0.0,0.0,0.0,0.0,0.3,0.0,0.0,0.0,0.0,0.0,0.0,0.3,0.3,0.0,0.6,0.0,0.3,0.0,0.0,0.0,0.0,0.0,0.3,0.6,0.0,0.3
208,0.6,0.0,0.3,0.0,0.0,0.6,0.0,1.0,0.0,0.0,0.0,0.0,0.6,0.0,0.0,0.0,0.0,0.0,0.0,0.0,1.0,0.0,0.0,0.6,0.0,0.3,0.0,0.0,0.0,0.0,0.0,0.0,1.0,0.0,0.0,0.0,0.0,1.0,0.3,0.0,0.0,0.0,0.0,0.6,0.3,0.3,0.0,0.0,0.0,0.0
209,0.0,0.0,0.3,0.0,0.0,0.0,1.0,1.0,0.0,0.0,0.0,0.0,0.0,0.3,0.0,0.0,0.0,0.0,0.0,0.3,1.0,0.6,0.6,0.0,0.0,0.6,0.3,1.0,0.0,0.0,0.0,0.0,1.0,0.0,0.3,0.3,0.3,0.0,0.6,0.0,0.6,0.6,0.0,0.6,0.0,0.3,0.3,0.0,0.0,0.0
210,0.0,0.0,0.0,0.0,0.0,0.0,0.0,0.3,0.0,0.0,0.0,0.0,0.3,0.3,0.0,0.0,0.0,0.0,0.0,0.0,0.0,0.0,0.0,0.0,0.3,0.0,0.0,0.0,0.0,0.0,0.0,0.0,0.0,0.0,0.0,0.0,0.3,0.3,0.3,0.0,0.0,0.0,0.3,0.0,0.3,0.0,0.0,0.0,0.0,0.0
211,0.3,0.0,0.0,0.6,0.6,0.0,0.3,0.0,0.0,0.0,0.0,0.0,0.0,0.0,0.0,0.6,0.0,0.3,0.3,0.0,0.0,0.0,1.0,0.0,0.0,0.0,0.0,0.0,1.0,0.0,0.0,1.0,0.0,0.0,0.0,0.0,0.3,0.3,0.0,0.6,0.6,0.6,0.0,0.0,0.0,0.0,0.0,0.0,0.0,1.0
212,0.0,0.0,0.0,0.3,0.0,0.0,0.3,0.0,0.0,0.0,0.0,0.0,0.0,0.0,0.0,0.0,0.0,0.0,0.0,0.0,0.0,0.0,1.0,0.0,0.0,0.0,0.0,0.0,0.0,0.0,0.0,1.0,0.0,0.0,0.0,0.0,0.0,0.0,0.0,0.0,0.0,0.0,0.0,0.0,0.0,0.0,0.0,0.0,0.0,0.6
213,0.6,0.0,0.0,0.0,0.0,0.0,0.3,0.0,0.0,0.3,0.0,0.0,1.0,0.0,0.0,0.0,0.0,0.0,0.0,0.0,0.3,0.3,0.6,0.0,0.0,0.0,0.0,0.0,0.6,0.0,0.0,0.3,0.0,0.0,0.0,0.0,0.3,0.0,0.3,0.0,0.0,0.0,0.0,0.0,0.0,0.0,0.3,0.0,0.0,0.3
214,0.0,0.0,0.6,0.0,0.0,0.0,0.6,0.6,0.6,0.0,0.0,0.0,0.0,0.3,0.0,0.0,0.0,0.0,0.0,0.3,0.0,0.6,0.0,0.0,0.0,0.3,0.6,0.0,0.6,0.0,0.0,0.0,0.6,0.0,0.0,0.0,0.6,0.0,0.3,0.0,0.6,0.0,0.0,0.3,0.0,0.3,0.3,0.0,0.0,0.6
215,0.0,0.0,0.0,0.0,0.0,0.0,1.0,0.6,0.3,0.0,0.0,0.0,0.6,0.3,0.0,0.0,0.0,0.0,0.0,0.6,1.0,0.6,1.0,0.0,0.0,0.0,0.6,1.0,0.6,0.0,0.0,0.0,0.3,0.0,0.0,0.6,0.6,0.0,0.0,0.0,0.0,0.0,0.0,0.3,0.0,0.3,0.3,0.0,0.0,0.6
216,0.6,0.0,0.0,0.6,0.0,0.6,0.3,0.3,0.6,0.3,0.0,0.0,1.0,0.3,0.0,0.6,0.0,0.6,0.3,0.6,0.0,0.3,1.0,0.0,0.3,0.3,0.3,0.0,0.6,0.6,0.6,1.0,0.6,0.6,0.0,0.0,0.6,0.6,0.3,0.0,0.0,0.0,0.6,0.0,0.3,0.0,0.0,0.6,0.0,0.0
217,1.0,0.0,0.0,0.0,0.0,0.0,0.3,0.3,0.0,0.0,0.0,0.0,0.0,0.0,0.0,0.0,0.0,0.6,0.0,0.0,0.0,0.3,1.0,0.0,0.0,0.0,0.0,0.0,0.0,0.0,0.0,0.0,1.0,0.0,0.0,0.0,0.3,0.0,0.0,0.0,0.0,0.3,0.6,0.0,0.6,0.6,0.0,0.0,0.6,0.6
218,0.0,0.0,0.6,0.0,0.0,0.0,0.0,0.0,0.0,0.0,0.0,1.0,0.0,0.0,0.0,0.0,0.0,0.0,0.0,0.3,0.0,0.0,0.0,0.0,0.0,0.0,0.0,0.0,0.0,0.0,0.0,0.0,0.0,0.0,1.0,0.0,0.0,0.0,0.3,0.0,0.6,0.0,0.3,0.0,0.0,0.0,0.3,0.0,0.0,0.0
219,1.0,0.0,0.0,0.0,0.0,0.0,0.3,0.0,0.0,0.0,0.0,0.0,0.0,0.3,0.0,0.0,0.0,0.0,0.0,0.0,0.0,0.6,0.3,0.0,0.0,0.0,0.0,0.0,0.0,0.0,0.0,0.0,0.3,0.0,0.0,0.0,0.3,0.0,0.0,0.0,0.0,0.0,1.0,0.0,0.6,0.0,0.0,0.0,0.0,0.0
220,1.0,0.0,1.0,0.6,1.0,1.0,0.6,0.0,0.3,0.6,0.6,0.6,0.3,0.6,0.0,0.6,0.6,0.6,0.6,0.0,0.0,0.3,0.6,1.0,0.6,0.3,0.0,1.0,0.6,0.6,1.0,1.0,0.0,1.0,0.6,0.6,0.6,1.0,0.6,0.6,1.0,0.0,0.6,0.0,0.6,0.6,0.6,0.6,0.3,1.0
221,1.0,0.0,1.0,1.0,1.0,1.0,0.6,1.0,0.6,0.6,0.6,0.6,0.3,0.6,1.0,0.6,1.0,1.0,0.6,0.6,0.0,0.3,1.0,1.0,0.6,0.3,0.6,1.0,0.6,0.6,1.0,1.0,1.0,1.0,1.0,0.0,0.6,1.0,0.6,0.6,1.0,0.0,0.6,0.3,0.6,0.3,0.6,1.0,1.0,1.0
222,1.0,0.3,0.0,0.0,0.6,1.0,0.6,1.0,0.0,0.0,0.0,0.0,0.0,0.0,0.0,0.0,0.0,0.0,0.0,0.3,1.0,1.0,1.0,0.6,0.0,1.0,0.6,0.3,0.0,0.0,0.6,0.0,1.0,0.0,0.0,0.6,1.0,0.0,0.3,0.0,0.6,0.3,0.3,0.3,0.0,0.6,0.6,0.0,0.0,0.6
223,0.0,0.3,0.3,0.6,0.3,0.0,0.0,0.0,0.0,0.0,0.0,0.0,0.0,0.0,0.0,0.0,0.0,0.3,0.0,0.0,1.0,0.0,0.0,0.6,0.3,0.0,0.0,0.0,0.0,0.6,0.6,0.3,0.0,0.0,0.0,0.0,0.0,0.0,0.3,0.0,0.3,0.0,0.0,0.0,0.0,0.0,0.6,1.0,0.0,0.0
224,0.0,0.0,0.0,0.0,0.0,0.0,1.0,0.0,0.0,0.0,0.0,0.3,0.0,0.0,0.0,0.0,0.0,0.3,0.0,0.6,1.0,1.0,1.0,0.6,0.3,0.0,0.3,0.6,1.0,0.0,0.0,0.0,0.0,0.0,0.0,0.0,0.6,0.0,0.3,0.0,0.0,0.0,0.3,0.3,0.3,0.6,0.0,1.0,0.0,0.0
225,0.6,0.3,0.0,0.0,0.0,0.0,0.0,0.0,0.0,0.0,0.0,0.0,0.0,0.0,0.0,0.0,0.0,0.0,0.0,0.0,0.0,0.0,0.0,0.0,0.3,0.0,0.3,0.0,0.0,0.3,0.0,0.0,0.0,0.0,0.0,0.0,0.0,0.0,0.0,0.6,0.0,0.0,0.0,0.0,0.0,0.0,0.0,1.0,0.0,0.0
226,0.0,0.0,0.6,0.0,0.0,0.6,0.0,0.3,0.0,0.0,0.0,0.6,0.0,0.6,0.0,0.0,0.0,0.0,0.0,0.0,0.0,0.0,0.0,0.0,0.0,0.0,0.0,0.0,0.0,0.0,0.0,0.3,0.0,0.0,0.6,0.0,0.0,0.3,0.6,0.0,1.0,0.0,0.3,0.0,0.3,0.0,0.6,0.0,0.0,0.0
227,0.6,0.6,0.6,0.0,0.3,0.0,1.0,0.6,0.6,0.0,0.6,1.0,1.0,0.6,0.0,0.6,0.0,0.6,0.0,0.0,1.0,1.0,1.0,1.0,0.3,0.6,0.0,1.0,0.6,0.3,0.6,1.0,0.6,0.3,0.0,0.6,1.0,0.6,1.0,0.0,0.6,0.3,0.3,0.0,0.0,0.3,0.6,0.6,0.6,0.6
228,1.0,0.3,0.0,0.0,0.0,0.6,0.3,0.0,0.3,0.0,0.0,1.0,1.0,0.3,0.0,0.0,0.0,0.6,0.0,0.0,1.0,1.0,1.0,0.6,0.6,1.0,0.6,1.0,0.6,0.0,0.0,0.6,0.0,0.0,0.0,0.6,0.3,1.0,0.6,0.0,0.3,0.0,1.0,0.0,0.6,0.3,0.6,0.6,0.0,0.6
229,1.0,0.6,0.0,0.6,0.6,0.6,0.3,1.0,0.3,0.6,0.0,1.0,1.0,0.3,1.0,0.0,0.0,0.6,0.6,0.6,1.0,1.0,1.0,1.0,0.6,1.0,1.0,1.0,1.0,0.3,0.6,1.0,0.0,0.6,0.6,0.6,1.0,1.0,0.6,0.6,0.6,0.6,1.0,0.6,0.6,0.6,0.6,0.6,0.6,0.6
230,0.0,0.0,0.0,0.0,0.0,0.0,0.0,0.0,0.0,0.0,0.0,0.0,0.0,0.0,0.0,0.0,0.0,0.0,0.0,0.0,0.0,0.3,0.0,0.6,0.0,0.0,0.0,0.0,0.0,0.0,0.0,0.0,0.0,0.0,0.0,0.0,0.0,0.0,0.0,0.0,0.0,0.0,0.0,0.0,0.6,0.0,0.0,0.0,0.0,0.0
231,0.0,0.0,0.6,0.0,0.0,0.0,0.6,0.3,0.0,0.0,0.0,0.0,0.0,0.0,0.0,0.0,0.0,0.0,0.0,0.0,0.3,0.0,0.0,0.3,0.0,0.3,0.0,0.3,0.0,0.0,0.0,0.0,0.0,0.0,0.0,0.0,0.0,0.0,0.3,0.0,0.3,0.0,0.0,0.0,0.0,0.3,0.6,0.0,0.0,0.0
232,0.0,0.0,0.3,0.0,0.3,0.0,0.0,0.0,0.0,0.0,0.0,0.0,0.0,0.0,0.3,0.6,0.3,1.0,0.0,0.0,0.0,0.3,0.0,0.6,0.0,0.0,0.0,0.0,0.0,0.6,0.0,0.0,0.0,0.3,0.0,0.0,0.3,0.0,0.0,0.0,0.0,0.0,0.6,0.0,0.0,0.0,0.0,0.6,0.0,0.0
233,0.0,0.0,0.0,0.0,0.0,0.0,0.0,0.3,0.0,0.0,0.0,0.0,1.0,0.0,1.0,0.0,0.0,0.0,0.0,0.0,0.0,0.0,0.0,0.6,0.0,0.0,0.6,0.0,0.3,1.0,0.0,0.0,0.0,0.6,0.0,0.0,0.3,1.0,0.0,0.3,0.0,0.0,0.3,0.3,0.3,0.3,0.0,0.3,0.0,0.0
234,0.3,0.0,0.0,1.0,0.6,0.3,0.6,0.0,0.3,0.6,0.6,1.0,0.6,0.3,0.6,0.6,0.6,1.0,0.6,0.0,1.0,1.0,0.6,1.0,0.0,0.0,0.0,0.0,0.6,0.3,1.0,1.0,0.0,0.0,0.0,0.0,1.0,0.6,0.3,1.0,0.3,0.3,0.6,0.0,0.3,0.0,0.3,1.0,0.3,0.6
235,0.6,0.0,0.0,0.3,0.6,0.6,0.3,0.3,0.6,0.6,0.6,1.0,0.6,0.0,0.6,0.6,0.6,0.0,0.3,0.3,0.0,1.0,0.0,1.0,0.6,0.6,0.0,0.6,0.6,0.0,1.0,1.0,0.3,0.0,0.0,0.3,1.0,1.0,0.6,1.0,0.6,0.3,0.3,0.3,0.3,0.6,0.6,1.0,0.3,0.6
